method,seed,mean_success,mean_seam_failure_rate,mean_barrier_violation_rate,mean_basin_alignment,mean_descent_continuity,mean_damage_rate,mean_composition_cost,mean_energy_model_error,mean_risk_calibration_error,mean_abstention_rate,mean_predicted_seam_risk,mean_realized_seam_breach,mean_composition_utility,ci95_success,ci95_seam_failure_rate,ci95_barrier_violation_rate,ci95_basin_alignment,ci95_descent_continuity,ci95_damage_rate,ci95_composition_cost,ci95_energy_model_error,ci95_risk_calibration_error,ci95_abstention_rate,ci95_predicted_seam_risk,ci95_realized_seam_breach,ci95_composition_utility,rows
barrier_certified_energy_composer_v5,0,0.799107,0.068694,0.085090,0.756593,0.740525,0.070674,0.189238,0.112044,0.050906,0.104338,0.102024,0.094563,0.885673,0.021429,0.000782,0.000883,0.000791,0.000920,0.000730,0.000267,0.001178,0.000325,0.000547,0.001309,0.001212,0.021796,1344
barrier_certified_energy_composer_v5,1,0.813988,0.068927,0.084898,0.756908,0.740655,0.070537,0.189040,0.112051,0.050998,0.104274,0.102216,0.095193,0.900790,0.020811,0.000777,0.000891,0.000779,0.000921,0.000729,0.000268,0.001176,0.000329,0.000542,0.001319,0.001202,0.020981,1344
barrier_certified_energy_composer_v5,2,0.799107,0.068940,0.085191,0.756906,0.740814,0.070591,0.189253,0.111880,0.050915,0.104219,0.102283,0.095182,0.885728,0.021429,0.000793,0.000891,0.000775,0.000928,0.000726,0.000266,0.001181,0.000320,0.000543,0.001343,0.001219,0.021774,1344
barrier_certified_energy_composer_v5,3,0.794643,0.068934,0.085028,0.756357,0.740572,0.070609,0.189238,0.112041,0.050912,0.104233,0.102197,0.095221,0.881076,0.021605,0.000786,0.000882,0.000770,0.000930,0.000723,0.000254,0.001166,0.000332,0.000548,0.001324,0.001203,0.021870,1344
barrier_certified_energy_composer_v5,4,0.811012,0.069070,0.084929,0.756906,0.740965,0.070624,0.189203,0.111886,0.051066,0.104367,0.102172,0.095222,0.897650,0.020939,0.000790,0.000895,0.000789,0.000901,0.000731,0.000265,0.001170,0.000333,0.000544,0.001332,0.001217,0.021310,1344
barrier_certified_energy_composer_v5,5,0.779018,0.069101,0.084996,0.756254,0.741620,0.070566,0.189062,0.112018,0.050749,0.104252,0.102501,0.095159,0.865779,0.022191,0.000778,0.000884,0.000782,0.000906,0.000723,0.000263,0.001165,0.000324,0.000542,0.001308,0.001197,0.022550,1344
barrier_certified_energy_composer_v5,6,0.796875,0.069018,0.085135,0.756597,0.740938,0.070582,0.189433,0.112026,0.050929,0.104370,0.102507,0.095206,0.883275,0.021518,0.000793,0.000879,0.000772,0.000914,0.000729,0.000269,0.001167,0.000326,0.000541,0.001324,0.001223,0.021847,1344
barrier_certified_energy_composer_v5,7,0.810268,0.068901,0.085069,0.757139,0.741017,0.070692,0.189187,0.111950,0.050908,0.104097,0.102098,0.094873,0.897056,0.020970,0.000802,0.000880,0.000780,0.000874,0.000725,0.000265,0.001177,0.000322,0.000554,0.001337,0.001214,0.021392,1344
barrier_certified_energy_composer_v5,8,0.811756,0.068824,0.085237,0.756416,0.740940,0.070589,0.189286,0.112260,0.051049,0.104462,0.102276,0.095019,0.898024,0.020907,0.000785,0.000888,0.000788,0.000940,0.000728,0.000258,0.001170,0.000327,0.000548,0.001312,0.001203,0.021287,1344
barrier_certified_energy_composer_v5,9,0.801339,0.069139,0.085232,0.756457,0.740920,0.070648,0.189240,0.111894,0.050830,0.104109,0.102627,0.095192,0.887654,0.021339,0.000782,0.000887,0.000786,0.000879,0.000734,0.000262,0.001165,0.000327,0.000541,0.001319,0.001214,0.021834,1344
behavior_cloned_skill_chain,0,0.332589,0.328105,0.307026,0.281592,0.273921,0.089343,0.104715,0.196649,0.086317,0.084869,0.521271,0.480822,-0.311288,0.025198,0.001336,0.001447,0.001328,0.001533,0.000731,0.000232,0.001302,0.000331,0.000547,0.002199,0.002022,0.026247,1344
behavior_cloned_skill_chain,1,0.340774,0.327936,0.307130,0.281848,0.274129,0.089453,0.104492,0.196573,0.086320,0.085018,0.521278,0.480468,-0.302952,0.025349,0.001325,0.001451,0.001311,0.001482,0.000727,0.000247,0.001304,0.000333,0.000551,0.002190,0.002018,0.026255,1344
behavior_cloned_skill_chain,2,0.392857,0.327929,0.307150,0.281962,0.273707,0.089414,0.104583,0.196546,0.086344,0.084816,0.521341,0.480572,-0.250911,0.026120,0.001350,0.001437,0.001338,0.001493,0.000727,0.000243,0.001310,0.000333,0.000557,0.002211,0.002029,0.027075,1344
behavior_cloned_skill_chain,3,0.344494,0.328110,0.306868,0.281838,0.273901,0.089469,0.104666,0.196405,0.086163,0.084951,0.521197,0.480752,-0.299120,0.025415,0.001314,0.001437,0.001313,0.001512,0.000730,0.000242,0.001301,0.000332,0.000543,0.002162,0.002005,0.026414,1344
behavior_cloned_skill_chain,4,0.345982,0.327887,0.306791,0.281586,0.273773,0.089277,0.104442,0.196547,0.086381,0.084954,0.521195,0.480630,-0.297421,0.025441,0.001336,0.001435,0.001304,0.001518,0.000721,0.000243,0.001299,0.000332,0.000547,0.002201,0.002018,0.026232,1344
behavior_cloned_skill_chain,5,0.325893,0.327994,0.307064,0.281907,0.273899,0.089320,0.104508,0.196538,0.086178,0.085069,0.521325,0.480657,-0.317666,0.025068,0.001337,0.001431,0.001321,0.001497,0.000724,0.000244,0.001298,0.000331,0.000543,0.002193,0.002014,0.025889,1344
behavior_cloned_skill_chain,6,0.340774,0.327942,0.307008,0.280685,0.274020,0.089271,0.104475,0.196607,0.086185,0.084702,0.521019,0.480462,-0.302940,0.025349,0.001338,0.001445,0.001333,0.001532,0.000729,0.000240,0.001309,0.000330,0.000541,0.002202,0.002019,0.026154,1344
behavior_cloned_skill_chain,7,0.374256,0.327990,0.307191,0.281557,0.273897,0.089403,0.104449,0.196641,0.086360,0.084840,0.521434,0.480995,-0.269679,0.025882,0.001325,0.001444,0.001297,0.001513,0.000723,0.000243,0.001289,0.000323,0.000550,0.002178,0.002004,0.026580,1344
behavior_cloned_skill_chain,8,0.367560,0.328003,0.307060,0.281614,0.273115,0.089553,0.104563,0.196609,0.086301,0.085047,0.521506,0.480730,-0.276652,0.025786,0.001333,0.001428,0.001290,0.001512,0.000726,0.000246,0.001308,0.000330,0.000543,0.002185,0.002016,0.026703,1344
behavior_cloned_skill_chain,9,0.353423,0.328104,0.306698,0.281692,0.273776,0.089232,0.104519,0.196540,0.086282,0.084951,0.521380,0.480623,-0.289979,0.025567,0.001341,0.001432,0.001335,0.001521,0.000735,0.000242,0.001299,0.000334,0.000534,0.002181,0.002020,0.026246,1344
cem_trajectory_composer,0,0.547619,0.228756,0.219849,0.448336,0.437540,0.085906,0.355310,0.166132,0.079434,0.087285,0.367232,0.337430,0.112577,0.026620,0.001089,0.001220,0.001117,0.001323,0.000735,0.000415,0.001257,0.000327,0.000553,0.001824,0.001660,0.027170,1344
cem_trajectory_composer,1,0.549851,0.228764,0.219659,0.447914,0.438294,0.085900,0.355190,0.166336,0.079443,0.087535,0.367031,0.337127,0.114933,0.026608,0.001096,0.001222,0.001118,0.001277,0.000733,0.000421,0.001259,0.000328,0.000546,0.001833,0.001661,0.027291,1344
cem_trajectory_composer,2,0.555060,0.228553,0.219689,0.448292,0.438070,0.085935,0.355199,0.166290,0.079481,0.087224,0.366917,0.337049,0.120370,0.026579,0.001105,0.001214,0.001103,0.001298,0.000726,0.000422,0.001253,0.000334,0.000556,0.001831,0.001678,0.027207,1344
cem_trajectory_composer,3,0.547619,0.228651,0.219732,0.448397,0.437898,0.085841,0.355274,0.166351,0.079593,0.087237,0.366874,0.337212,0.112778,0.026620,0.001098,0.001200,0.001124,0.001301,0.000729,0.000424,0.001271,0.000330,0.000543,0.001820,0.001679,0.027048,1344
cem_trajectory_composer,4,0.546875,0.228752,0.219703,0.447937,0.438118,0.085990,0.355206,0.166183,0.079542,0.087323,0.367133,0.337097,0.111854,0.026624,0.001116,0.001209,0.001150,0.001284,0.000725,0.000421,0.001263,0.000324,0.000543,0.001835,0.001692,0.027277,1344
cem_trajectory_composer,5,0.521577,0.228819,0.219866,0.448422,0.438018,0.086093,0.355514,0.166405,0.079302,0.087504,0.367347,0.337240,0.086285,0.026717,0.001116,0.001215,0.001148,0.001301,0.000730,0.000431,0.001255,0.000333,0.000538,0.001839,0.001680,0.027338,1344
cem_trajectory_composer,6,0.575893,0.228574,0.219918,0.448294,0.438373,0.085973,0.355272,0.166404,0.079608,0.087305,0.367136,0.337079,0.140890,0.026432,0.001107,0.001227,0.001110,0.001292,0.000730,0.000437,0.001265,0.000329,0.000546,0.001843,0.001697,0.026930,1344
cem_trajectory_composer,7,0.564732,0.228687,0.219697,0.448166,0.437987,0.086032,0.355401,0.166245,0.079355,0.087559,0.366973,0.337188,0.129738,0.026517,0.001107,0.001212,0.001124,0.001305,0.000733,0.000431,0.001256,0.000319,0.000553,0.001830,0.001681,0.027121,1344
cem_trajectory_composer,8,0.569196,0.228717,0.219629,0.448014,0.437958,0.086038,0.355245,0.166397,0.079510,0.087447,0.366959,0.337247,0.134079,0.026484,0.001099,0.001206,0.001110,0.001305,0.000727,0.000422,0.001262,0.000323,0.000546,0.001822,0.001673,0.027199,1344
cem_trajectory_composer,9,0.558036,0.228565,0.219876,0.447870,0.438259,0.085951,0.355237,0.166471,0.079299,0.087158,0.367070,0.337199,0.123103,0.026561,0.001101,0.001213,0.001145,0.001297,0.000731,0.000426,0.001278,0.000328,0.000548,0.001833,0.001677,0.027158,1344
diffusion_skill_stitcher,0,0.508185,0.255654,0.242917,0.408027,0.400084,0.086999,0.231356,0.173807,0.081478,0.086855,0.408778,0.375908,0.034980,0.026738,0.001168,0.001274,0.001153,0.001375,0.000723,0.000336,0.001269,0.000323,0.000550,0.001939,0.001785,0.027430,1344
diffusion_skill_stitcher,1,0.478423,0.255863,0.242997,0.408117,0.400184,0.086938,0.231264,0.173703,0.081254,0.086854,0.408924,0.376248,0.005279,0.026717,0.001162,0.001277,0.001169,0.001338,0.000731,0.000332,0.001269,0.000330,0.000547,0.001924,0.001771,0.027344,1344
diffusion_skill_stitcher,2,0.481399,0.255584,0.242991,0.408640,0.399757,0.086992,0.231214,0.173707,0.081518,0.086813,0.408797,0.375823,0.008366,0.026723,0.001186,0.001269,0.001173,0.001352,0.000734,0.000333,0.001266,0.000330,0.000547,0.001941,0.001795,0.027574,1344
diffusion_skill_stitcher,3,0.482887,0.255644,0.242966,0.408159,0.399752,0.086914,0.231539,0.173729,0.081400,0.087074,0.408801,0.375898,0.009675,0.026726,0.001177,0.001262,0.001173,0.001339,0.000731,0.000323,0.001264,0.000328,0.000550,0.001925,0.001776,0.027578,1344
diffusion_skill_stitcher,4,0.481399,0.255761,0.243042,0.408452,0.400471,0.087001,0.231338,0.173506,0.081388,0.086832,0.408832,0.376220,0.008435,0.026723,0.001168,0.001278,0.001185,0.001372,0.000729,0.000333,0.001278,0.000335,0.000557,0.001934,0.001782,0.027392,1344
diffusion_skill_stitcher,5,0.482143,0.255578,0.242956,0.408168,0.400141,0.086997,0.231359,0.173804,0.081269,0.087047,0.408666,0.375669,0.009108,0.026725,0.001175,0.001267,0.001161,0.001359,0.000731,0.000335,0.001272,0.000330,0.000554,0.001934,0.001788,0.027422,1344
diffusion_skill_stitcher,6,0.508929,0.255809,0.242742,0.408269,0.399933,0.086908,0.231510,0.173821,0.081406,0.086811,0.408778,0.376010,0.035855,0.026737,0.001173,0.001275,0.001169,0.001335,0.000729,0.000333,0.001261,0.000319,0.000541,0.001935,0.001785,0.027526,1344
diffusion_skill_stitcher,7,0.494792,0.255628,0.243002,0.408414,0.400337,0.086934,0.231125,0.173717,0.081336,0.086708,0.408687,0.375922,0.021996,0.026740,0.001164,0.001267,0.001172,0.001337,0.000728,0.000340,0.001274,0.000332,0.000553,0.001923,0.001772,0.027344,1344
diffusion_skill_stitcher,8,0.481399,0.255911,0.242777,0.408608,0.400029,0.086777,0.231520,0.173793,0.081437,0.086955,0.408734,0.376329,0.008437,0.026723,0.001164,0.001279,0.001170,0.001352,0.000730,0.000335,0.001276,0.000334,0.000552,0.001932,0.001770,0.027392,1344
diffusion_skill_stitcher,9,0.506696,0.255862,0.242794,0.408318,0.399351,0.086982,0.231292,0.173784,0.081455,0.086896,0.408826,0.376024,0.033346,0.026739,0.001150,0.001271,0.001192,0.001332,0.000723,0.000335,0.001270,0.000330,0.000544,0.001932,0.001756,0.027451,1344
energy_compatibility_heuristic,0,0.632440,0.192994,0.189838,0.516247,0.502810,0.082978,0.305303,0.154336,0.073936,0.090008,0.308911,0.283942,0.315373,0.025786,0.001029,0.001135,0.001006,0.001179,0.000716,0.000355,0.001226,0.000328,0.000543,0.001715,0.001574,0.026272,1344
energy_compatibility_heuristic,1,0.601190,0.193037,0.189864,0.515939,0.503101,0.082951,0.305281,0.154425,0.074037,0.090434,0.309168,0.283902,0.283915,0.026188,0.001046,0.001128,0.001052,0.001203,0.000731,0.000355,0.001247,0.000324,0.000558,0.001713,0.001597,0.026517,1344
energy_compatibility_heuristic,2,0.614583,0.192655,0.189700,0.516984,0.503419,0.083125,0.305408,0.154125,0.074064,0.090214,0.308734,0.283602,0.298137,0.026030,0.001031,0.001133,0.001063,0.001213,0.000729,0.000364,0.001241,0.000333,0.000545,0.001711,0.001574,0.026551,1344
energy_compatibility_heuristic,3,0.611607,0.192743,0.190047,0.516216,0.503303,0.083113,0.305274,0.154362,0.074136,0.090311,0.308664,0.283909,0.294415,0.026067,0.001036,0.001134,0.001030,0.001199,0.000725,0.000363,0.001231,0.000320,0.000546,0.001715,0.001576,0.026447,1344
energy_compatibility_heuristic,4,0.646577,0.192933,0.189851,0.516382,0.503428,0.083213,0.305212,0.154495,0.074002,0.090250,0.309144,0.283900,0.329400,0.025567,0.001033,0.001150,0.001017,0.001193,0.000725,0.000363,0.001241,0.000330,0.000541,0.001719,0.001568,0.026133,1344
energy_compatibility_heuristic,5,0.646577,0.192855,0.189847,0.515884,0.503632,0.083106,0.305385,0.154348,0.074105,0.090246,0.309140,0.283897,0.329456,0.025567,0.001019,0.001125,0.001036,0.001199,0.000734,0.000358,0.001229,0.000325,0.000546,0.001703,0.001564,0.026066,1344
energy_compatibility_heuristic,6,0.607887,0.192905,0.189650,0.516005,0.502932,0.083136,0.305479,0.154455,0.074025,0.090407,0.309300,0.283784,0.290633,0.026112,0.001039,0.001152,0.001043,0.001203,0.000735,0.000367,0.001243,0.000324,0.000548,0.001726,0.001588,0.026575,1344
energy_compatibility_heuristic,7,0.620536,0.192975,0.190037,0.516481,0.504089,0.083013,0.305432,0.154333,0.073984,0.090244,0.309134,0.283953,0.303616,0.025953,0.001040,0.001134,0.001042,0.001189,0.000726,0.000360,0.001235,0.000327,0.000555,0.001720,0.001575,0.026134,1344
energy_compatibility_heuristic,8,0.606399,0.193027,0.189935,0.516050,0.502988,0.083093,0.305346,0.154522,0.074026,0.090400,0.309134,0.283963,0.288880,0.026129,0.001040,0.001127,0.001025,0.001214,0.000723,0.000362,0.001237,0.000329,0.000547,0.001712,0.001571,0.026532,1344
energy_compatibility_heuristic,9,0.614583,0.193130,0.189729,0.516198,0.503694,0.083120,0.305242,0.154445,0.074203,0.090150,0.309137,0.283999,0.297379,0.026030,0.001054,0.001132,0.001034,0.001200,0.000721,0.000364,0.001241,0.000328,0.000550,0.001732,0.001601,0.026649,1344
greedy_module_sequence,0,0.283482,0.370374,0.345267,0.219078,0.221540,0.090242,0.076487,0.208117,0.088344,0.084125,0.586716,0.541654,-0.461510,0.024104,0.001433,0.001523,0.001363,0.001598,0.000726,0.000225,0.001314,0.000328,0.000544,0.002332,0.002146,0.025314,1344
greedy_module_sequence,1,0.283482,0.370873,0.345076,0.219808,0.221738,0.090270,0.076623,0.208146,0.088332,0.084175,0.587155,0.542250,-0.461588,0.024104,0.001420,0.001520,0.001367,0.001592,0.000731,0.000228,0.001314,0.000334,0.000535,0.002319,0.002144,0.025219,1344
greedy_module_sequence,2,0.287946,0.370972,0.345225,0.219591,0.221136,0.090372,0.076486,0.208001,0.088093,0.084192,0.587263,0.542212,-0.457440,0.024218,0.001433,0.001536,0.001358,0.001554,0.000729,0.000224,0.001318,0.000334,0.000544,0.002355,0.002178,0.025309,1344
greedy_module_sequence,3,0.279762,0.370694,0.345252,0.219700,0.221499,0.090328,0.076567,0.208194,0.088308,0.084131,0.587276,0.541892,-0.465445,0.024008,0.001418,0.001528,0.001379,0.001593,0.000726,0.000226,0.001309,0.000332,0.000535,0.002335,0.002141,0.025024,1344
greedy_module_sequence,4,0.283482,0.370687,0.345390,0.219754,0.222058,0.090342,0.076375,0.207880,0.088236,0.083955,0.587308,0.541923,-0.461402,0.024104,0.001421,0.001524,0.001382,0.001604,0.000720,0.000216,0.001316,0.000333,0.000542,0.002333,0.002145,0.025148,1344
greedy_module_sequence,5,0.282738,0.370646,0.344916,0.219479,0.221712,0.090374,0.076591,0.208081,0.088283,0.084079,0.586718,0.541854,-0.462132,0.024085,0.001424,0.001534,0.001383,0.001570,0.000734,0.000226,0.001319,0.000335,0.000549,0.002332,0.002151,0.025004,1344
greedy_module_sequence,6,0.293899,0.370725,0.345054,0.219783,0.221197,0.090359,0.076563,0.208123,0.088352,0.084061,0.586998,0.541688,-0.451237,0.024364,0.001431,0.001523,0.001385,0.001597,0.000723,0.000221,0.001328,0.000325,0.000534,0.002330,0.002141,0.025412,1344
greedy_module_sequence,7,0.297619,0.370480,0.345036,0.219790,0.220908,0.090325,0.076434,0.207978,0.088319,0.084093,0.586730,0.541391,-0.447223,0.024453,0.001433,0.001515,0.001367,0.001589,0.000731,0.000221,0.001319,0.000329,0.000539,0.002335,0.002159,0.025483,1344
greedy_module_sequence,8,0.297619,0.370769,0.345121,0.219283,0.221356,0.090382,0.076640,0.208112,0.088373,0.084053,0.587223,0.541800,-0.447762,0.024453,0.001421,0.001528,0.001393,0.001577,0.000728,0.000225,0.001331,0.000333,0.000551,0.002332,0.002155,0.025525,1344
greedy_module_sequence,9,0.315476,0.370512,0.345299,0.220036,0.221374,0.090246,0.076390,0.207967,0.088310,0.084018,0.586907,0.541993,-0.429290,0.024854,0.001418,0.001532,0.001374,0.001599,0.000728,0.000224,0.001319,0.000332,0.000551,0.002337,0.002147,0.025893,1344
option_graph_planner,0,0.441964,0.276342,0.261126,0.372599,0.361656,0.087962,0.160900,0.180047,0.083169,0.086093,0.441219,0.406197,-0.071733,0.026561,0.001201,0.001319,0.001233,0.001392,0.000726,0.000270,0.001285,0.000337,0.000541,0.001989,0.001831,0.027201,1344
option_graph_planner,1,0.432292,0.276415,0.261416,0.372342,0.361915,0.088041,0.160913,0.180101,0.083306,0.085819,0.441558,0.406534,-0.081840,0.026495,0.001224,0.001322,0.001206,0.001408,0.000727,0.000280,0.001288,0.000338,0.000543,0.002024,0.001851,0.027254,1344
option_graph_planner,2,0.447917,0.276410,0.261242,0.372833,0.362090,0.087842,0.160799,0.179981,0.083225,0.085844,0.441403,0.406436,-0.065549,0.026596,0.001224,0.001324,0.001223,0.001411,0.000721,0.000279,0.001301,0.000328,0.000543,0.002027,0.001850,0.027247,1344
option_graph_planner,3,0.447173,0.276655,0.261207,0.372534,0.361431,0.087967,0.160739,0.180111,0.083211,0.085812,0.441779,0.406635,-0.066909,0.026592,0.001204,0.001314,0.001230,0.001402,0.000732,0.000270,0.001270,0.000332,0.000546,0.001979,0.001829,0.027350,1344
option_graph_planner,4,0.444940,0.276371,0.261122,0.372125,0.362206,0.087876,0.160885,0.180195,0.083295,0.085866,0.441346,0.406252,-0.068773,0.026579,0.001195,0.001327,0.001192,0.001424,0.000724,0.000270,0.001270,0.000324,0.000560,0.001988,0.001839,0.027367,1344
option_graph_planner,5,0.439732,0.276177,0.261290,0.372640,0.362128,0.087847,0.160581,0.180153,0.083245,0.085757,0.441471,0.406123,-0.073646,0.026547,0.001217,0.001323,0.001228,0.001399,0.000728,0.000279,0.001287,0.000334,0.000562,0.002005,0.001839,0.027447,1344
option_graph_planner,6,0.453125,0.276494,0.261084,0.372458,0.361912,0.087771,0.160507,0.180290,0.083235,0.085769,0.441436,0.406493,-0.060439,0.026624,0.001210,0.001322,0.001221,0.001428,0.000725,0.000271,0.001271,0.000323,0.000554,0.002003,0.001839,0.027117,1344
option_graph_planner,7,0.418155,0.276630,0.261093,0.372484,0.362315,0.087840,0.160885,0.180303,0.083305,0.085725,0.441599,0.406296,-0.095615,0.026381,0.001209,0.001316,0.001221,0.001416,0.000723,0.000282,0.001285,0.000333,0.000544,0.001991,0.001839,0.027163,1344
option_graph_planner,8,0.454613,0.276387,0.261354,0.372299,0.361348,0.087893,0.160695,0.180325,0.083200,0.085827,0.441628,0.406396,-0.059466,0.026631,0.001216,0.001321,0.001213,0.001379,0.000724,0.000271,0.001274,0.000326,0.000544,0.002008,0.001840,0.027319,1344
option_graph_planner,9,0.453125,0.276436,0.261101,0.372922,0.362063,0.087961,0.160782,0.179916,0.083150,0.085782,0.441541,0.406207,-0.060261,0.026624,0.001211,0.001327,0.001230,0.001406,0.000731,0.000275,0.001283,0.000329,0.000546,0.002005,0.001847,0.027399,1344
oracle_basin_composer,0,0.903274,0.032372,0.052917,0.864068,0.843840,0.067232,0.150979,0.094120,0.044457,0.108427,0.041436,0.039296,1.133239,0.015809,0.000728,0.000835,0.000687,0.000792,0.000726,0.000236,0.001146,0.000327,0.000559,0.001224,0.001114,0.016004,1344
oracle_basin_composer,1,0.907738,0.032079,0.052771,0.864189,0.843798,0.067264,0.151028,0.093901,0.044451,0.108607,0.040872,0.038787,1.138131,0.015478,0.000711,0.000817,0.000706,0.000794,0.000733,0.000238,0.001143,0.000327,0.000552,0.001200,0.001091,0.015743,1344
oracle_basin_composer,2,0.910714,0.032130,0.052802,0.864523,0.844275,0.067183,0.151094,0.093761,0.044472,0.108446,0.041252,0.038913,1.141420,0.015251,0.000708,0.000816,0.000710,0.000821,0.000727,0.000239,0.001139,0.000330,0.000535,0.001206,0.001094,0.015491,1344
oracle_basin_composer,3,0.909970,0.032341,0.052572,0.863816,0.843782,0.067296,0.150873,0.094164,0.044583,0.108548,0.041096,0.038908,1.140008,0.015308,0.000708,0.000808,0.000713,0.000813,0.000720,0.000238,0.001149,0.000330,0.000546,0.001190,0.001084,0.015596,1344
oracle_basin_composer,4,0.921875,0.032429,0.052791,0.864510,0.843936,0.067293,0.151205,0.093707,0.044582,0.108608,0.041205,0.039237,1.152035,0.014353,0.000725,0.000827,0.000676,0.000826,0.000721,0.000243,0.001151,0.000325,0.000541,0.001215,0.001108,0.014671,1344
oracle_basin_composer,5,0.910714,0.032511,0.052719,0.864023,0.844447,0.067204,0.150952,0.093888,0.044534,0.108497,0.041111,0.039479,1.140972,0.015251,0.000727,0.000826,0.000721,0.000787,0.000724,0.000242,0.001145,0.000323,0.000548,0.001218,0.001115,0.015449,1344
oracle_basin_composer,6,0.901786,0.032285,0.052693,0.863967,0.843788,0.067318,0.151065,0.094095,0.044639,0.108509,0.041012,0.039150,1.131758,0.015917,0.000716,0.000823,0.000715,0.000808,0.000728,0.000226,0.001141,0.000323,0.000546,0.001207,0.001099,0.016253,1344
oracle_basin_composer,7,0.892857,0.032457,0.052663,0.863849,0.843738,0.067180,0.151091,0.093778,0.044388,0.108372,0.041216,0.039315,1.123096,0.016542,0.000713,0.000811,0.000677,0.000814,0.000723,0.000234,0.001147,0.000323,0.000542,0.001198,0.001092,0.016811,1344
oracle_basin_composer,8,0.921131,0.032301,0.052826,0.863801,0.843635,0.067166,0.150891,0.093847,0.044562,0.108518,0.041268,0.039189,1.151244,0.014416,0.000719,0.000816,0.000706,0.000794,0.000731,0.000240,0.001150,0.000327,0.000546,0.001213,0.001109,0.014821,1344
oracle_basin_composer,9,0.916667,0.032169,0.052785,0.864336,0.844080,0.067444,0.151065,0.093895,0.044488,0.108756,0.041074,0.038888,1.146861,0.014782,0.000736,0.000828,0.000710,0.000797,0.000726,0.000243,0.001153,0.000331,0.000536,0.001232,0.001122,0.015025,1344
proposed_energy_landscape_composer_v4_1,0,0.717262,0.117906,0.125961,0.676996,0.662637,0.076433,0.235050,0.126406,0.061434,0.097796,0.185359,0.170691,0.653442,0.024085,0.000876,0.000969,0.000885,0.001047,0.000726,0.000305,0.001200,0.000331,0.000536,0.001457,0.001330,0.024466,1344
proposed_energy_landscape_composer_v4_1,1,0.724702,0.118120,0.126161,0.676256,0.662348,0.076567,0.234916,0.126528,0.061413,0.097492,0.185706,0.170615,0.660139,0.023889,0.000888,0.000970,0.000872,0.001025,0.000732,0.000299,0.001193,0.000327,0.000538,0.001475,0.001355,0.024170,1344
proposed_energy_landscape_composer_v4_1,2,0.723958,0.118037,0.126007,0.676094,0.663424,0.076435,0.235092,0.126578,0.061461,0.097842,0.185587,0.170589,0.659820,0.023909,0.000882,0.000978,0.000896,0.001055,0.000733,0.000297,0.001212,0.000328,0.000548,0.001475,0.001357,0.024339,1344
proposed_energy_landscape_composer_v4_1,3,0.709821,0.118106,0.125909,0.676664,0.662812,0.076260,0.235098,0.126407,0.061515,0.097877,0.185574,0.170910,0.645924,0.024273,0.000887,0.000979,0.000887,0.001023,0.000724,0.000304,0.001218,0.000321,0.000540,0.001469,0.001351,0.024624,1344
proposed_energy_landscape_composer_v4_1,4,0.728423,0.118030,0.125871,0.676822,0.662838,0.076350,0.234915,0.126452,0.061466,0.097742,0.185311,0.170665,0.664663,0.023788,0.000882,0.000982,0.000882,0.001045,0.000730,0.000308,0.001201,0.000326,0.000541,0.001468,0.001361,0.024172,1344
proposed_energy_landscape_composer_v4_1,5,0.704613,0.118106,0.125963,0.676713,0.662598,0.076349,0.235157,0.126461,0.061528,0.098018,0.185582,0.170768,0.640464,0.024400,0.000872,0.000984,0.000885,0.001040,0.000723,0.000298,0.001209,0.000323,0.000543,0.001469,0.001343,0.024749,1344
proposed_energy_landscape_composer_v4_1,6,0.724702,0.118154,0.125974,0.676571,0.662791,0.076436,0.234989,0.126327,0.061495,0.097847,0.185717,0.170870,0.660584,0.023889,0.000876,0.000969,0.000869,0.001054,0.000725,0.000305,0.001197,0.000328,0.000548,0.001462,0.001330,0.024374,1344
proposed_energy_landscape_composer_v4_1,7,0.726935,0.118125,0.125997,0.676695,0.662880,0.076406,0.235226,0.126368,0.061397,0.097704,0.185617,0.170845,0.662911,0.023829,0.000881,0.000990,0.000891,0.001027,0.000719,0.000298,0.001212,0.000329,0.000549,0.001494,0.001348,0.024166,1344
proposed_energy_landscape_composer_v4_1,8,0.712054,0.118099,0.125957,0.676876,0.663178,0.076396,0.235146,0.126334,0.061561,0.097754,0.185600,0.170744,0.648174,0.024218,0.000877,0.000981,0.000879,0.001031,0.000735,0.000307,0.001203,0.000330,0.000550,0.001480,0.001348,0.024463,1344
proposed_energy_landscape_composer_v4_1,9,0.698661,0.118093,0.125693,0.676764,0.662561,0.076375,0.234978,0.126364,0.061482,0.097800,0.185143,0.170596,0.634880,0.024540,0.000880,0.000989,0.000902,0.001046,0.000724,0.000308,0.001203,0.000325,0.000547,0.001467,0.001350,0.024995,1344
residual_rl_composer,0,0.552827,0.222619,0.214339,0.461814,0.448971,0.085449,0.289585,0.163880,0.078631,0.087897,0.357062,0.328185,0.153759,0.026592,0.001091,0.001193,0.001139,0.001289,0.000729,0.000381,0.001259,0.000326,0.000548,0.001808,0.001665,0.027075,1344
residual_rl_composer,1,0.570685,0.222452,0.214438,0.462596,0.449236,0.085520,0.289772,0.163835,0.078494,0.087765,0.356989,0.327929,0.171985,0.026473,0.001102,0.001201,0.001103,0.001269,0.000723,0.000386,0.001257,0.000321,0.000554,0.001824,0.001676,0.027066,1344
residual_rl_composer,2,0.596726,0.222560,0.214662,0.462438,0.449253,0.085572,0.289605,0.163753,0.078468,0.087917,0.357155,0.328127,0.197725,0.026236,0.001110,0.001204,0.001084,0.001280,0.000722,0.000383,0.001254,0.000328,0.000549,0.001829,0.001677,0.026627,1344
residual_rl_composer,3,0.564732,0.222490,0.214518,0.461882,0.449316,0.085558,0.289440,0.163885,0.078720,0.087969,0.357121,0.327929,0.165613,0.026517,0.001079,0.001192,0.001121,0.001268,0.000725,0.000374,0.001261,0.000327,0.000550,0.001800,0.001650,0.027090,1344
residual_rl_composer,4,0.575893,0.222563,0.214582,0.462060,0.449528,0.085434,0.289307,0.164033,0.078585,0.087855,0.357001,0.328068,0.176950,0.026432,0.001084,0.001196,0.001097,0.001281,0.000725,0.000385,0.001255,0.000327,0.000552,0.001813,0.001651,0.026831,1344
residual_rl_composer,5,0.572173,0.222555,0.214404,0.462512,0.449321,0.085418,0.289583,0.163747,0.078496,0.087989,0.357018,0.328051,0.173563,0.026462,0.001096,0.001207,0.001107,0.001271,0.000726,0.000383,0.001244,0.000330,0.000548,0.001833,0.001676,0.027002,1344
residual_rl_composer,6,0.587798,0.222598,0.214429,0.461982,0.449553,0.085479,0.289308,0.164063,0.078680,0.087833,0.357178,0.328063,0.188828,0.026326,0.001088,0.001185,0.001101,0.001262,0.000725,0.000385,0.001249,0.000335,0.000539,0.001797,0.001657,0.026749,1344
residual_rl_composer,7,0.578869,0.222325,0.214751,0.461301,0.448834,0.085553,0.289545,0.164043,0.078557,0.088044,0.357105,0.328126,0.179364,0.026407,0.001098,0.001196,0.001120,0.001297,0.000716,0.000389,0.001262,0.000329,0.000552,0.001825,0.001674,0.027000,1344
residual_rl_composer,8,0.566220,0.222290,0.214369,0.461717,0.449160,0.085494,0.289604,0.164002,0.078659,0.087861,0.356826,0.327604,0.167319,0.026506,0.001095,0.001212,0.001128,0.001284,0.000727,0.000383,0.001250,0.000324,0.000547,0.001820,0.001675,0.027019,1344
residual_rl_composer,9,0.581845,0.222676,0.214536,0.461790,0.449493,0.085315,0.289430,0.163705,0.078575,0.087818,0.357232,0.328352,0.183008,0.026381,0.001090,0.001204,0.001091,0.001280,0.000735,0.000375,0.001258,0.000326,0.000542,0.001816,0.001659,0.026965,1344
stable_dmp_handoff,0,0.646577,0.166508,0.166068,0.546192,0.535767,0.079854,0.297655,0.148379,0.068121,0.095165,0.262965,0.242035,0.400059,0.025567,0.000970,0.001072,0.001008,0.001126,0.000736,0.000364,0.001238,0.000328,0.000553,0.001620,0.001485,0.025986,1344
stable_dmp_handoff,1,0.645089,0.166355,0.166196,0.546263,0.535703,0.079741,0.297585,0.148311,0.068043,0.095005,0.262565,0.241896,0.398833,0.025591,0.000968,0.001073,0.000993,0.001143,0.000732,0.000355,0.001230,0.000332,0.000553,0.001619,0.001491,0.026104,1344
stable_dmp_handoff,2,0.630208,0.166678,0.165855,0.546213,0.535482,0.079794,0.297598,0.148294,0.068160,0.095097,0.263158,0.242307,0.383752,0.025819,0.000975,0.001071,0.001005,0.001155,0.000721,0.000356,0.001230,0.000327,0.000553,0.001627,0.001485,0.026365,1344
stable_dmp_handoff,3,0.656994,0.166589,0.165921,0.546139,0.535309,0.079758,0.297524,0.148284,0.068082,0.094988,0.262936,0.242181,0.410610,0.025389,0.000979,0.001064,0.000997,0.001125,0.000728,0.000365,0.001226,0.000331,0.000543,0.001628,0.001479,0.025850,1344
stable_dmp_handoff,4,0.636905,0.166697,0.165814,0.545931,0.535154,0.079740,0.297642,0.148315,0.068074,0.095123,0.263017,0.242090,0.390361,0.025720,0.000968,0.001082,0.001034,0.001127,0.000727,0.000352,0.001237,0.000323,0.000551,0.001623,0.001478,0.026108,1344
stable_dmp_handoff,5,0.630208,0.166740,0.165753,0.546286,0.535139,0.079651,0.297479,0.148256,0.068067,0.095061,0.262973,0.242093,0.383955,0.025819,0.000984,0.001089,0.000986,0.001133,0.000726,0.000358,0.001237,0.000323,0.000545,0.001641,0.001504,0.026428,1344
stable_dmp_handoff,6,0.631696,0.166477,0.165977,0.546147,0.535496,0.079655,0.297523,0.148302,0.068020,0.094879,0.262893,0.241884,0.385563,0.025797,0.000966,0.001069,0.001005,0.001145,0.000731,0.000359,0.001230,0.000325,0.000548,0.001611,0.001476,0.026309,1344
stable_dmp_handoff,7,0.632440,0.166548,0.165890,0.546198,0.535047,0.079814,0.297286,0.148227,0.067970,0.095032,0.262886,0.241987,0.386144,0.025786,0.000964,0.001082,0.000987,0.001140,0.000723,0.000357,0.001235,0.000325,0.000551,0.001607,0.001488,0.026207,1344
stable_dmp_handoff,8,0.619048,0.166710,0.166155,0.546222,0.535407,0.079828,0.297498,0.148501,0.068094,0.095084,0.263020,0.242357,0.372229,0.025973,0.000965,0.001079,0.000995,0.001153,0.000731,0.000366,0.001225,0.000334,0.000550,0.001620,0.001487,0.026569,1344
stable_dmp_handoff,9,0.640625,0.166533,0.165908,0.546753,0.535412,0.079851,0.297607,0.148290,0.067896,0.095057,0.262875,0.242055,0.394479,0.025662,0.000971,0.001092,0.000988,0.001128,0.000718,0.000356,0.001229,0.000336,0.000548,0.001625,0.001478,0.026160,1344
tamp_feasibility_screen,0,0.626488,0.172991,0.171105,0.534379,0.513573,0.080303,0.333986,0.150467,0.068972,0.094528,0.273027,0.251487,0.349279,0.025872,0.000987,0.001082,0.000992,0.001192,0.000725,0.000390,0.001228,0.000324,0.000548,0.001633,0.001512,0.026371,1344
tamp_feasibility_screen,1,0.643601,0.172662,0.171071,0.534480,0.513613,0.080203,0.334046,0.150440,0.068958,0.094493,0.272756,0.251287,0.366856,0.025615,0.000983,0.001088,0.001041,0.001173,0.000718,0.000390,0.001239,0.000320,0.000552,0.001637,0.001493,0.026126,1344
tamp_feasibility_screen,2,0.641369,0.173077,0.170995,0.533795,0.513020,0.080299,0.333969,0.150731,0.068946,0.094305,0.272973,0.251322,0.363783,0.025651,0.000969,0.001085,0.001040,0.001171,0.000739,0.000393,0.001242,0.000331,0.000538,0.001637,0.001477,0.025967,1344
tamp_feasibility_screen,3,0.636161,0.172971,0.171334,0.534429,0.513406,0.080174,0.333909,0.150730,0.068912,0.094586,0.273210,0.251659,0.358794,0.025731,0.000984,0.001098,0.001004,0.001208,0.000728,0.000388,0.001231,0.000328,0.000539,0.001645,0.001508,0.026215,1344
tamp_feasibility_screen,4,0.651786,0.172852,0.171247,0.534312,0.512969,0.080232,0.334148,0.150356,0.068880,0.094482,0.272989,0.251385,0.374530,0.025480,0.000990,0.001090,0.001021,0.001169,0.000727,0.000395,0.001224,0.000319,0.000552,0.001639,0.001510,0.026030,1344
tamp_feasibility_screen,5,0.640625,0.173000,0.171090,0.534823,0.513652,0.080276,0.334019,0.150445,0.069009,0.094431,0.273372,0.251420,0.363604,0.025662,0.000985,0.001085,0.001013,0.001182,0.000729,0.000396,0.001212,0.000321,0.000555,0.001634,0.001504,0.026123,1344
tamp_feasibility_screen,6,0.625000,0.172833,0.171289,0.534139,0.513416,0.080316,0.334065,0.150595,0.068982,0.094565,0.273022,0.251437,0.347554,0.025892,0.000975,0.001073,0.001052,0.001197,0.000734,0.000395,0.001241,0.000330,0.000537,0.001614,0.001484,0.026240,1344
tamp_feasibility_screen,7,0.640625,0.172625,0.171391,0.534475,0.513977,0.080430,0.334120,0.150551,0.068917,0.094336,0.272896,0.251381,0.363500,0.025662,0.000979,0.001098,0.001055,0.001181,0.000722,0.000401,0.001242,0.000329,0.000555,0.001640,0.001493,0.026317,1344
tamp_feasibility_screen,8,0.648810,0.172884,0.171253,0.534365,0.513338,0.080184,0.334163,0.150458,0.068858,0.094461,0.273163,0.251307,0.371651,0.025530,0.000985,0.001087,0.001019,0.001201,0.000731,0.000396,0.001240,0.000323,0.000550,0.001631,0.001495,0.025936,1344
tamp_feasibility_screen,9,0.630208,0.172873,0.171288,0.534888,0.513110,0.080312,0.334022,0.150445,0.069104,0.094552,0.272932,0.251474,0.352895,0.025819,0.000992,0.001098,0.001008,0.001167,0.000723,0.000395,0.001229,0.000322,0.000553,0.001648,0.001514,0.026259,1344
