method,task,regime,mean_success_rate,mean_seam_failure_rate,mean_barrier_violation_rate,mean_basin_alignment,mean_descent_continuity,mean_damage_rate,mean_composition_cost,mean_energy_model_error,ci95_success_rate,ci95_seam_failure_rate,ci95_barrier_violation_rate,ci95_basin_alignment,ci95_descent_continuity,ci95_damage_rate,ci95_composition_cost,ci95_energy_model_error,groups
behavior_cloned_skill_chain,cable_route_insert,combined_seam_stress,0.285714,0.408688,0.381425,0.234861,0.218305,0.139902,0.115128,0.186036,0.048934,0.004678,0.004584,0.001955,0.005184,0.001617,0.001534,0.003288,7
behavior_cloned_skill_chain,cable_route_insert,contact_mode_transition,0.390873,0.379981,0.345722,0.278598,0.249589,0.125515,0.108846,0.172599,0.033828,0.004049,0.002212,0.010015,0.013275,0.002582,0.003437,0.004094,7
behavior_cloned_skill_chain,cable_route_insert,dynamics_mismatch,0.341270,0.381175,0.350104,0.266560,0.244158,0.129369,0.113170,0.177093,0.047470,0.004382,0.002173,0.006709,0.008422,0.003489,0.002333,0.001983,7
behavior_cloned_skill_chain,cable_route_insert,high_barrier,0.380952,0.368911,0.334615,0.277038,0.256383,0.123234,0.106622,0.175010,0.044397,0.001832,0.004082,0.007433,0.006461,0.002023,0.002322,0.002817,7
behavior_cloned_skill_chain,cable_route_insert,narrow_basin,0.456349,0.362138,0.328880,0.281660,0.267493,0.120813,0.108283,0.173195,0.041764,0.003470,0.002741,0.010416,0.008725,0.002810,0.003334,0.003530,7
behavior_cloned_skill_chain,cable_route_insert,nominal,0.541667,0.319580,0.293641,0.308759,0.291906,0.107425,0.103490,0.161483,0.044849,0.004264,0.003240,0.008773,0.009815,0.002501,0.003760,0.002990,7
behavior_cloned_skill_chain,cable_route_insert,nonconvex_energy,0.331349,0.369185,0.342196,0.275278,0.248996,0.124551,0.113187,0.174302,0.028753,0.003411,0.004286,0.012258,0.010612,0.003824,0.002280,0.003064,7
behavior_cloned_skill_chain,cable_route_insert,partial_observability,0.380952,0.366158,0.341304,0.271804,0.257865,0.123966,0.110320,0.174754,0.037030,0.003500,0.003409,0.007074,0.008916,0.001240,0.001464,0.003511,7
behavior_cloned_skill_chain,door_open_navigation,combined_seam_stress,0.295635,0.409344,0.377154,0.240601,0.232296,0.137831,0.117181,0.184840,0.017536,0.001124,0.003209,0.009294,0.008788,0.001992,0.003908,0.003225,7
behavior_cloned_skill_chain,door_open_navigation,contact_mode_transition,0.361111,0.370748,0.346298,0.274738,0.259022,0.124295,0.114216,0.174040,0.029702,0.003122,0.001982,0.008196,0.007676,0.003599,0.003595,0.003078,7
behavior_cloned_skill_chain,door_open_navigation,dynamics_mismatch,0.376984,0.375317,0.348080,0.265449,0.252708,0.125710,0.113771,0.176954,0.042601,0.003798,0.005018,0.005813,0.009427,0.002720,0.002809,0.001580,7
behavior_cloned_skill_chain,door_open_navigation,high_barrier,0.416667,0.362408,0.337767,0.279153,0.266601,0.122051,0.109877,0.175456,0.054119,0.002755,0.005052,0.013640,0.010614,0.001417,0.002773,0.003491,7
behavior_cloned_skill_chain,door_open_navigation,narrow_basin,0.402778,0.354472,0.328339,0.281453,0.268887,0.118499,0.107813,0.172549,0.061734,0.002849,0.003387,0.009923,0.006631,0.001941,0.003409,0.002459,7
behavior_cloned_skill_chain,door_open_navigation,nominal,0.509921,0.320768,0.292697,0.317308,0.299143,0.103765,0.103402,0.164088,0.039276,0.004319,0.005190,0.006841,0.010689,0.002043,0.004929,0.003804,7
behavior_cloned_skill_chain,door_open_navigation,nonconvex_energy,0.438492,0.368183,0.337442,0.279452,0.266730,0.124872,0.108536,0.174456,0.027129,0.003205,0.002168,0.011544,0.007213,0.004076,0.003042,0.004460,7
behavior_cloned_skill_chain,door_open_navigation,partial_observability,0.357143,0.362958,0.339602,0.277994,0.257148,0.124049,0.109296,0.175193,0.064451,0.005851,0.005031,0.004114,0.007938,0.002472,0.003264,0.002958,7
behavior_cloned_skill_chain,drawer_to_pick_transfer,combined_seam_stress,0.323413,0.404737,0.379915,0.241346,0.228412,0.137561,0.116844,0.179951,0.059319,0.001841,0.002763,0.007022,0.006454,0.001249,0.003373,0.003846,7
behavior_cloned_skill_chain,drawer_to_pick_transfer,contact_mode_transition,0.371032,0.372138,0.341942,0.268759,0.259937,0.125566,0.111502,0.178655,0.036481,0.003729,0.003519,0.007704,0.004173,0.002599,0.001182,0.003605,7
behavior_cloned_skill_chain,drawer_to_pick_transfer,dynamics_mismatch,0.384921,0.378537,0.347892,0.270596,0.248780,0.127002,0.113450,0.176883,0.034492,0.002879,0.002679,0.008490,0.011405,0.002538,0.003265,0.003200,7
behavior_cloned_skill_chain,drawer_to_pick_transfer,high_barrier,0.414683,0.363821,0.335149,0.271846,0.253777,0.121654,0.108059,0.174931,0.048416,0.002229,0.002851,0.006670,0.007742,0.001980,0.001771,0.001915,7
behavior_cloned_skill_chain,drawer_to_pick_transfer,narrow_basin,0.420635,0.356375,0.328913,0.293579,0.272426,0.117747,0.110301,0.169731,0.045129,0.002673,0.003930,0.005293,0.006238,0.002247,0.002340,0.003109,7
behavior_cloned_skill_chain,drawer_to_pick_transfer,nominal,0.462302,0.317677,0.290130,0.319806,0.306934,0.106012,0.102769,0.159125,0.063346,0.004595,0.002674,0.006519,0.007982,0.001392,0.003208,0.001768,7
behavior_cloned_skill_chain,drawer_to_pick_transfer,nonconvex_energy,0.398810,0.365557,0.340421,0.275339,0.256110,0.123622,0.109338,0.175029,0.041885,0.004611,0.002207,0.008226,0.008703,0.002504,0.004460,0.003779,7
behavior_cloned_skill_chain,drawer_to_pick_transfer,partial_observability,0.371032,0.367986,0.333980,0.282433,0.268142,0.121393,0.108285,0.172585,0.032922,0.002563,0.002857,0.010759,0.004898,0.001222,0.003706,0.003930,7
behavior_cloned_skill_chain,mobile_push_then_grasp,combined_seam_stress,0.305556,0.408067,0.375034,0.243838,0.215673,0.140116,0.118760,0.185741,0.055726,0.004439,0.005976,0.007386,0.005301,0.001533,0.002762,0.002912,7
behavior_cloned_skill_chain,mobile_push_then_grasp,contact_mode_transition,0.418651,0.377269,0.341176,0.258885,0.249091,0.126287,0.114256,0.177072,0.037771,0.004932,0.003436,0.009921,0.005868,0.002349,0.001171,0.003795,7
behavior_cloned_skill_chain,mobile_push_then_grasp,dynamics_mismatch,0.319444,0.380106,0.348211,0.263580,0.249581,0.126061,0.109489,0.177556,0.039404,0.002438,0.004577,0.007025,0.005555,0.002928,0.001466,0.003725,7
behavior_cloned_skill_chain,mobile_push_then_grasp,high_barrier,0.434524,0.365976,0.335341,0.277673,0.266330,0.121023,0.111269,0.174057,0.036961,0.003757,0.003603,0.005760,0.009611,0.001726,0.002698,0.004644,7
behavior_cloned_skill_chain,mobile_push_then_grasp,narrow_basin,0.386905,0.356777,0.329899,0.279694,0.268677,0.118271,0.110173,0.172282,0.040039,0.005036,0.002752,0.007473,0.006639,0.001293,0.001888,0.002961,7
behavior_cloned_skill_chain,mobile_push_then_grasp,nominal,0.472222,0.320328,0.294542,0.315279,0.294513,0.104318,0.102020,0.164142,0.034638,0.005091,0.004850,0.010669,0.008904,0.001701,0.002424,0.002349,7
behavior_cloned_skill_chain,mobile_push_then_grasp,nonconvex_energy,0.394841,0.367420,0.340470,0.282165,0.261981,0.123656,0.110712,0.171419,0.036064,0.003841,0.002113,0.004595,0.007597,0.003010,0.003210,0.002532,7
behavior_cloned_skill_chain,mobile_push_then_grasp,partial_observability,0.448413,0.361598,0.339139,0.275896,0.263841,0.122361,0.109277,0.176583,0.033453,0.002200,0.002510,0.008159,0.006243,0.001023,0.002625,0.002568,7
behavior_cloned_skill_chain,peg_place_regrasp,combined_seam_stress,0.309524,0.405096,0.375710,0.240520,0.231687,0.137335,0.117061,0.182723,0.021182,0.004730,0.001922,0.008251,0.004004,0.002161,0.002831,0.004408,7
behavior_cloned_skill_chain,peg_place_regrasp,contact_mode_transition,0.345238,0.368151,0.344401,0.269450,0.253077,0.125260,0.108963,0.175688,0.067320,0.003504,0.005702,0.006507,0.003562,0.001299,0.003923,0.005671,7
behavior_cloned_skill_chain,peg_place_regrasp,dynamics_mismatch,0.367063,0.372512,0.345542,0.270838,0.254310,0.126407,0.112083,0.176732,0.030785,0.001759,0.003546,0.007097,0.008243,0.002757,0.002176,0.002942,7
behavior_cloned_skill_chain,peg_place_regrasp,high_barrier,0.380952,0.365718,0.333337,0.281583,0.266162,0.120644,0.107436,0.171223,0.053416,0.002833,0.004564,0.005424,0.006362,0.002628,0.004214,0.002259,7
behavior_cloned_skill_chain,peg_place_regrasp,narrow_basin,0.412698,0.354712,0.326947,0.286909,0.271896,0.117761,0.107033,0.171722,0.032922,0.004475,0.003139,0.007932,0.006696,0.002655,0.002156,0.002850,7
behavior_cloned_skill_chain,peg_place_regrasp,nominal,0.492063,0.319307,0.291869,0.323948,0.306245,0.102365,0.102583,0.161599,0.033529,0.004316,0.002800,0.002469,0.010433,0.002574,0.003592,0.001174,7
behavior_cloned_skill_chain,peg_place_regrasp,nonconvex_energy,0.420635,0.370343,0.338727,0.278006,0.265862,0.122691,0.113401,0.172103,0.032381,0.004269,0.002593,0.008225,0.003690,0.002724,0.004034,0.004490,7
behavior_cloned_skill_chain,peg_place_regrasp,partial_observability,0.406746,0.365332,0.333580,0.276741,0.259761,0.121258,0.109722,0.171276,0.049954,0.002648,0.006002,0.006473,0.006590,0.001928,0.002148,0.002521,7
behavior_cloned_skill_chain,tool_use_handover,combined_seam_stress,0.261905,0.409644,0.379414,0.241347,0.222223,0.138446,0.116206,0.186446,0.038235,0.002745,0.003100,0.007677,0.005788,0.001908,0.003615,0.003938,7
behavior_cloned_skill_chain,tool_use_handover,contact_mode_transition,0.327381,0.377005,0.349238,0.264929,0.249567,0.127235,0.112084,0.174272,0.025103,0.005039,0.003372,0.006627,0.005768,0.002671,0.002189,0.002543,7
behavior_cloned_skill_chain,tool_use_handover,dynamics_mismatch,0.386905,0.381519,0.348617,0.268224,0.246989,0.127635,0.112421,0.173446,0.031111,0.004232,0.003576,0.003406,0.008416,0.002510,0.001623,0.002570,7
behavior_cloned_skill_chain,tool_use_handover,high_barrier,0.406746,0.364479,0.335378,0.280993,0.257641,0.123142,0.110069,0.173858,0.032381,0.002741,0.002004,0.003142,0.005564,0.001943,0.002837,0.002708,7
behavior_cloned_skill_chain,tool_use_handover,narrow_basin,0.398810,0.357769,0.334181,0.281321,0.269410,0.119635,0.109119,0.174566,0.032922,0.002127,0.003289,0.007415,0.005198,0.001518,0.003502,0.004238,7
behavior_cloned_skill_chain,tool_use_handover,nominal,0.505952,0.317115,0.294611,0.311706,0.304053,0.105407,0.102309,0.163931,0.035571,0.003862,0.004558,0.005508,0.010663,0.002418,0.002169,0.004497,7
behavior_cloned_skill_chain,tool_use_handover,nonconvex_energy,0.365079,0.369849,0.339703,0.270136,0.251035,0.124193,0.113740,0.176076,0.032922,0.003207,0.004651,0.006406,0.010222,0.002867,0.003874,0.004312,7
behavior_cloned_skill_chain,tool_use_handover,partial_observability,0.404762,0.367968,0.342849,0.270698,0.260466,0.122979,0.109958,0.171612,0.020942,0.002636,0.002552,0.007331,0.007761,0.001398,0.002666,0.002717,7
cem_trajectory_composer,cable_route_insert,combined_seam_stress,0.456349,0.282013,0.274636,0.387737,0.390473,0.106703,0.405752,0.147268,0.031673,0.004343,0.002794,0.004311,0.004171,0.002158,0.002310,0.003119,7
cem_trajectory_composer,cable_route_insert,contact_mode_transition,0.521825,0.253431,0.245886,0.419937,0.413024,0.096282,0.387155,0.138907,0.059361,0.003457,0.003030,0.008233,0.005845,0.001456,0.002985,0.003403,7
cem_trajectory_composer,cable_route_insert,dynamics_mismatch,0.571429,0.259101,0.249528,0.424618,0.405310,0.096537,0.390121,0.138513,0.057725,0.002848,0.004673,0.009639,0.007338,0.002188,0.001413,0.003593,7
cem_trajectory_composer,cable_route_insert,high_barrier,0.537698,0.250809,0.242423,0.428313,0.422776,0.091658,0.383093,0.138654,0.036481,0.004378,0.003116,0.009406,0.007420,0.002316,0.002244,0.004956,7
cem_trajectory_composer,cable_route_insert,narrow_basin,0.549603,0.246048,0.235278,0.430351,0.431806,0.088606,0.378721,0.135714,0.048572,0.006305,0.004314,0.007110,0.006930,0.001432,0.001661,0.004689,7
cem_trajectory_composer,cable_route_insert,nominal,0.621032,0.218922,0.208074,0.465242,0.458045,0.079209,0.358056,0.127846,0.052704,0.002269,0.006065,0.006527,0.007945,0.002460,0.003035,0.001741,7
cem_trajectory_composer,cable_route_insert,nonconvex_energy,0.581349,0.249894,0.242380,0.429493,0.419264,0.092813,0.381213,0.138270,0.032225,0.003626,0.002790,0.005109,0.005123,0.002055,0.002408,0.002713,7
cem_trajectory_composer,cable_route_insert,partial_observability,0.545635,0.251127,0.243992,0.435791,0.417548,0.094716,0.383402,0.136822,0.052368,0.004563,0.003016,0.007997,0.005980,0.001712,0.002248,0.003366,7
cem_trajectory_composer,door_open_navigation,combined_seam_stress,0.515873,0.278686,0.269366,0.404621,0.393527,0.102722,0.405784,0.144391,0.054259,0.004199,0.005248,0.009141,0.010332,0.002709,0.003184,0.002248,7
cem_trajectory_composer,door_open_navigation,contact_mode_transition,0.551587,0.256777,0.245665,0.427510,0.421314,0.095817,0.390180,0.138045,0.044736,0.002681,0.003765,0.004497,0.004126,0.001602,0.003765,0.003602,7
cem_trajectory_composer,door_open_navigation,dynamics_mismatch,0.539683,0.256925,0.249540,0.422452,0.412915,0.095075,0.389623,0.136946,0.040039,0.005816,0.005618,0.007472,0.010134,0.002201,0.002858,0.002407,7
cem_trajectory_composer,door_open_navigation,high_barrier,0.575397,0.249954,0.239756,0.434354,0.420141,0.090865,0.382640,0.133234,0.031353,0.004331,0.004484,0.004803,0.006649,0.001577,0.002409,0.003658,7
cem_trajectory_composer,door_open_navigation,narrow_basin,0.559524,0.240392,0.231477,0.438803,0.435553,0.091137,0.377272,0.133101,0.048883,0.004486,0.001968,0.004587,0.006896,0.000987,0.002840,0.004243,7
cem_trajectory_composer,door_open_navigation,nominal,0.591270,0.215394,0.207198,0.474521,0.462404,0.079119,0.359768,0.123934,0.039786,0.005395,0.002796,0.005644,0.008005,0.002801,0.003210,0.003217,7
cem_trajectory_composer,door_open_navigation,nonconvex_energy,0.589286,0.253981,0.240928,0.435018,0.422284,0.092048,0.385876,0.138771,0.037971,0.002542,0.005412,0.008376,0.008032,0.002492,0.003001,0.003651,7
cem_trajectory_composer,door_open_navigation,partial_observability,0.527778,0.249213,0.241662,0.439672,0.422169,0.093308,0.384594,0.136235,0.056978,0.002713,0.004375,0.004265,0.004413,0.001764,0.003930,0.001904,7
cem_trajectory_composer,drawer_to_pick_transfer,combined_seam_stress,0.527778,0.282413,0.269498,0.406069,0.390315,0.102885,0.409115,0.144227,0.062586,0.004686,0.003897,0.007699,0.007905,0.001106,0.003460,0.003196,7
cem_trajectory_composer,drawer_to_pick_transfer,contact_mode_transition,0.559524,0.254567,0.248269,0.430644,0.416806,0.093851,0.390265,0.138521,0.063901,0.004142,0.004906,0.007280,0.008947,0.002551,0.001444,0.002337,7
cem_trajectory_composer,drawer_to_pick_transfer,dynamics_mismatch,0.517857,0.259602,0.247764,0.427766,0.407431,0.094567,0.390372,0.137293,0.043537,0.004405,0.004284,0.008735,0.009463,0.001518,0.002945,0.003605,7
cem_trajectory_composer,drawer_to_pick_transfer,high_barrier,0.551587,0.245387,0.236567,0.436083,0.432045,0.091735,0.383272,0.133772,0.040164,0.003801,0.003473,0.007214,0.004831,0.002691,0.005406,0.002426,7
cem_trajectory_composer,drawer_to_pick_transfer,narrow_basin,0.591270,0.241822,0.231833,0.450020,0.436713,0.090340,0.375472,0.134325,0.039340,0.003687,0.005472,0.007906,0.002394,0.002803,0.002980,0.002218,7
cem_trajectory_composer,drawer_to_pick_transfer,nominal,0.617063,0.213761,0.207404,0.482491,0.461855,0.080127,0.359337,0.122803,0.038889,0.003156,0.003094,0.007649,0.006720,0.001767,0.001650,0.002241,7
cem_trajectory_composer,drawer_to_pick_transfer,nonconvex_energy,0.591270,0.249941,0.239620,0.435340,0.419561,0.092528,0.385622,0.135707,0.034051,0.004013,0.003596,0.004916,0.008235,0.002496,0.001721,0.003090,7
cem_trajectory_composer,drawer_to_pick_transfer,partial_observability,0.571429,0.250235,0.233616,0.440690,0.424314,0.091430,0.385836,0.135838,0.031673,0.004957,0.003676,0.005925,0.007429,0.003175,0.002116,0.002151,7
cem_trajectory_composer,mobile_push_then_grasp,combined_seam_stress,0.484127,0.279575,0.270626,0.402988,0.384988,0.105903,0.407099,0.144577,0.044623,0.003266,0.004268,0.003120,0.004709,0.001572,0.001979,0.002361,7
cem_trajectory_composer,mobile_push_then_grasp,contact_mode_transition,0.541667,0.256313,0.246345,0.427422,0.415294,0.093158,0.387139,0.137745,0.039404,0.002659,0.004017,0.003878,0.006143,0.003051,0.001905,0.002234,7
cem_trajectory_composer,mobile_push_then_grasp,dynamics_mismatch,0.539683,0.258465,0.249099,0.422797,0.411695,0.094919,0.393513,0.141232,0.048416,0.005952,0.004032,0.007349,0.008647,0.001127,0.002754,0.002866,7
cem_trajectory_composer,mobile_push_then_grasp,high_barrier,0.585317,0.247652,0.237630,0.436957,0.431230,0.091496,0.385311,0.134505,0.059827,0.005808,0.004709,0.008574,0.004863,0.001072,0.004244,0.005032,7
cem_trajectory_composer,mobile_push_then_grasp,narrow_basin,0.589286,0.242279,0.235103,0.444570,0.424498,0.089513,0.377283,0.133425,0.046341,0.003961,0.002609,0.003957,0.007520,0.002310,0.001099,0.004131,7
cem_trajectory_composer,mobile_push_then_grasp,nominal,0.561508,0.219844,0.206964,0.468395,0.452895,0.080831,0.355404,0.125803,0.028400,0.005101,0.003725,0.004950,0.007228,0.002767,0.003958,0.003442,7
cem_trajectory_composer,mobile_push_then_grasp,nonconvex_energy,0.577381,0.253222,0.241435,0.437036,0.419029,0.091517,0.386080,0.133768,0.031353,0.006149,0.005226,0.006842,0.004458,0.001294,0.002676,0.003312,7
cem_trajectory_composer,mobile_push_then_grasp,partial_observability,0.551587,0.252239,0.242164,0.427054,0.418601,0.091069,0.386635,0.137373,0.039276,0.003177,0.004300,0.011648,0.006308,0.001637,0.004102,0.003045,7
cem_trajectory_composer,peg_place_regrasp,combined_seam_stress,0.539683,0.279953,0.266879,0.392692,0.394607,0.102702,0.407252,0.145951,0.056176,0.003995,0.001735,0.008778,0.009498,0.002129,0.002122,0.002963,7
cem_trajectory_composer,peg_place_regrasp,contact_mode_transition,0.573413,0.255035,0.243023,0.431046,0.421777,0.093654,0.389564,0.135009,0.027036,0.002868,0.003275,0.001493,0.007072,0.002768,0.003866,0.002100,7
cem_trajectory_composer,peg_place_regrasp,dynamics_mismatch,0.573413,0.260306,0.248681,0.427118,0.419945,0.095689,0.391621,0.137711,0.045129,0.002793,0.002886,0.006772,0.006391,0.001438,0.002870,0.002959,7
cem_trajectory_composer,peg_place_regrasp,high_barrier,0.585317,0.246056,0.237702,0.441021,0.435351,0.087932,0.382450,0.136336,0.047682,0.003129,0.002652,0.005119,0.003528,0.003553,0.001892,0.003629,7
cem_trajectory_composer,peg_place_regrasp,narrow_basin,0.591270,0.236619,0.231886,0.443625,0.432174,0.089328,0.378239,0.135411,0.034051,0.004367,0.004211,0.009827,0.006567,0.002571,0.003517,0.003916,7
cem_trajectory_composer,peg_place_regrasp,nominal,0.642857,0.216084,0.208489,0.470146,0.463364,0.078976,0.358332,0.124901,0.061652,0.005877,0.002307,0.006449,0.007480,0.001329,0.003295,0.003668,7
cem_trajectory_composer,peg_place_regrasp,nonconvex_energy,0.579365,0.251965,0.238428,0.434291,0.426370,0.093001,0.383988,0.136358,0.044340,0.004538,0.003178,0.007783,0.008563,0.002252,0.003338,0.001895,7
cem_trajectory_composer,peg_place_regrasp,partial_observability,0.609127,0.246887,0.236012,0.435154,0.426677,0.091719,0.385079,0.131976,0.062424,0.004243,0.003662,0.003415,0.004940,0.003211,0.002328,0.003379,7
cem_trajectory_composer,tool_use_handover,combined_seam_stress,0.500000,0.279016,0.272588,0.401178,0.385891,0.103739,0.407561,0.144598,0.035144,0.002373,0.002739,0.005417,0.008011,0.000606,0.003636,0.002561,7
cem_trajectory_composer,tool_use_handover,contact_mode_transition,0.563492,0.256955,0.250211,0.425153,0.416281,0.095132,0.386082,0.138929,0.059361,0.004121,0.002725,0.011003,0.005282,0.001712,0.002255,0.004927,7
cem_trajectory_composer,tool_use_handover,dynamics_mismatch,0.543651,0.257399,0.249109,0.433547,0.407949,0.098291,0.390454,0.134843,0.044226,0.002037,0.003613,0.006126,0.003444,0.002178,0.002868,0.004366,7
cem_trajectory_composer,tool_use_handover,high_barrier,0.553571,0.252486,0.237313,0.435391,0.424689,0.091310,0.380744,0.136183,0.048779,0.002193,0.004860,0.008708,0.009704,0.001530,0.001740,0.003270,7
cem_trajectory_composer,tool_use_handover,narrow_basin,0.601190,0.241886,0.235831,0.433782,0.432385,0.090859,0.378373,0.138137,0.021999,0.003175,0.002540,0.005462,0.009682,0.002216,0.002731,0.001882,7
cem_trajectory_composer,tool_use_handover,nominal,0.565476,0.216244,0.207939,0.472500,0.462729,0.080434,0.359651,0.125205,0.066339,0.002990,0.003823,0.009426,0.007237,0.003428,0.002806,0.003239,7
cem_trajectory_composer,tool_use_handover,nonconvex_energy,0.555556,0.252421,0.244975,0.428327,0.420219,0.094860,0.385237,0.134784,0.056978,0.004403,0.003440,0.003794,0.005666,0.002465,0.002649,0.002246,7
cem_trajectory_composer,tool_use_handover,partial_observability,0.575397,0.249808,0.239264,0.437493,0.422688,0.094307,0.382384,0.135867,0.043595,0.003969,0.004387,0.007800,0.006892,0.002796,0.002572,0.002635,7
diffusion_skill_stitcher,cable_route_insert,combined_seam_stress,0.436508,0.322847,0.304463,0.357791,0.344121,0.113389,0.267272,0.153992,0.025103,0.003937,0.003024,0.003574,0.010142,0.002057,0.002370,0.002468,7
diffusion_skill_stitcher,cable_route_insert,contact_mode_transition,0.448413,0.294118,0.276363,0.382434,0.370163,0.102519,0.253102,0.149372,0.021182,0.003872,0.003836,0.011659,0.007003,0.001157,0.001981,0.004677,7
diffusion_skill_stitcher,cable_route_insert,dynamics_mismatch,0.460317,0.295299,0.284254,0.388196,0.363812,0.105818,0.258367,0.148246,0.052608,0.003868,0.002729,0.009356,0.007311,0.003070,0.003370,0.002969,7
diffusion_skill_stitcher,cable_route_insert,high_barrier,0.498016,0.284987,0.268070,0.392850,0.380091,0.102878,0.251670,0.145657,0.017246,0.001840,0.004606,0.006365,0.008398,0.002420,0.003587,0.003207,7
diffusion_skill_stitcher,cable_route_insert,narrow_basin,0.533730,0.275436,0.262007,0.400548,0.377143,0.098970,0.247793,0.142791,0.030207,0.003113,0.002275,0.005143,0.005975,0.001271,0.002959,0.003408,7
diffusion_skill_stitcher,cable_route_insert,nominal,0.571429,0.249823,0.235609,0.424730,0.420008,0.087646,0.232394,0.135588,0.034856,0.004656,0.004693,0.008987,0.008733,0.002715,0.001682,0.005733,7
diffusion_skill_stitcher,cable_route_insert,nonconvex_energy,0.498016,0.290584,0.270683,0.379690,0.375578,0.101664,0.251961,0.146485,0.036343,0.003256,0.004541,0.006031,0.009220,0.003140,0.003262,0.002829,7
diffusion_skill_stitcher,cable_route_insert,partial_observability,0.511905,0.287654,0.269912,0.391092,0.374414,0.100099,0.253707,0.146974,0.057419,0.003357,0.005453,0.007365,0.005979,0.002610,0.003640,0.002458,7
diffusion_skill_stitcher,door_open_navigation,combined_seam_stress,0.428571,0.318158,0.300849,0.357036,0.344796,0.112607,0.264526,0.154418,0.018241,0.004772,0.003667,0.011935,0.008409,0.001532,0.003040,0.003180,7
diffusion_skill_stitcher,door_open_navigation,contact_mode_transition,0.496032,0.287938,0.275632,0.385765,0.373307,0.102330,0.253482,0.150662,0.030123,0.005432,0.001891,0.011597,0.011760,0.001701,0.003217,0.002493,7
diffusion_skill_stitcher,door_open_navigation,dynamics_mismatch,0.494048,0.295079,0.280095,0.380270,0.365581,0.104867,0.257191,0.149046,0.061693,0.002940,0.001431,0.008850,0.006197,0.002069,0.003689,0.002581,7
diffusion_skill_stitcher,door_open_navigation,high_barrier,0.478175,0.283569,0.266060,0.394142,0.382424,0.098613,0.250363,0.145956,0.032998,0.003440,0.002532,0.007671,0.007004,0.001255,0.003702,0.002639,7
diffusion_skill_stitcher,door_open_navigation,narrow_basin,0.545635,0.277332,0.260526,0.401771,0.392947,0.098446,0.247825,0.144307,0.039723,0.002757,0.003147,0.004653,0.009516,0.001935,0.002523,0.003597,7
diffusion_skill_stitcher,door_open_navigation,nominal,0.630952,0.249086,0.233204,0.435878,0.426510,0.085587,0.233337,0.136567,0.033529,0.005060,0.004167,0.009820,0.009966,0.001128,0.003034,0.003019,7
diffusion_skill_stitcher,door_open_navigation,nonconvex_energy,0.505952,0.286789,0.268126,0.395110,0.380882,0.101178,0.251629,0.144552,0.054722,0.004474,0.002357,0.007573,0.009139,0.003124,0.003376,0.003593,7
diffusion_skill_stitcher,door_open_navigation,partial_observability,0.486111,0.285966,0.268519,0.390823,0.383510,0.101343,0.253566,0.146810,0.048260,0.003330,0.003774,0.002757,0.006855,0.001056,0.005182,0.002378,7
diffusion_skill_stitcher,drawer_to_pick_transfer,combined_seam_stress,0.470238,0.315293,0.300104,0.355875,0.344544,0.112048,0.267888,0.156593,0.034346,0.002863,0.004071,0.006610,0.003127,0.001424,0.001706,0.002699,7
diffusion_skill_stitcher,drawer_to_pick_transfer,contact_mode_transition,0.496032,0.290880,0.275366,0.394079,0.377038,0.101881,0.253505,0.147199,0.038367,0.001791,0.002886,0.003708,0.005596,0.003655,0.003838,0.001853,7
diffusion_skill_stitcher,drawer_to_pick_transfer,dynamics_mismatch,0.498016,0.294310,0.277276,0.392674,0.369176,0.104978,0.257064,0.149929,0.044623,0.003213,0.002008,0.007261,0.003374,0.000872,0.002556,0.004630,7
diffusion_skill_stitcher,drawer_to_pick_transfer,high_barrier,0.503968,0.283168,0.261455,0.397485,0.382275,0.099515,0.251578,0.145520,0.044340,0.002772,0.002778,0.007866,0.003724,0.002343,0.003272,0.002288,7
diffusion_skill_stitcher,drawer_to_pick_transfer,narrow_basin,0.581349,0.275312,0.256169,0.405491,0.394940,0.096507,0.249573,0.144378,0.054259,0.002713,0.004248,0.009187,0.006930,0.002199,0.003428,0.004169,7
diffusion_skill_stitcher,drawer_to_pick_transfer,nominal,0.537698,0.248775,0.228453,0.437875,0.414947,0.085436,0.238115,0.133878,0.045129,0.006738,0.003724,0.007730,0.005627,0.001367,0.003446,0.003415,7
diffusion_skill_stitcher,drawer_to_pick_transfer,nonconvex_energy,0.513889,0.289231,0.267038,0.390790,0.380289,0.099939,0.253595,0.145499,0.023007,0.001812,0.002089,0.008429,0.005952,0.001811,0.003669,0.004580,7
diffusion_skill_stitcher,drawer_to_pick_transfer,partial_observability,0.545635,0.285199,0.268586,0.387759,0.378692,0.100944,0.250296,0.143570,0.048155,0.004076,0.001586,0.006393,0.003785,0.002422,0.004838,0.003374,7
diffusion_skill_stitcher,mobile_push_then_grasp,combined_seam_stress,0.363095,0.316199,0.303249,0.354162,0.344503,0.114356,0.265318,0.156954,0.055226,0.004182,0.003673,0.009117,0.005200,0.001932,0.002652,0.001131,7
diffusion_skill_stitcher,mobile_push_then_grasp,contact_mode_transition,0.478175,0.291317,0.273492,0.383837,0.369328,0.103959,0.255188,0.150055,0.045185,0.005225,0.003911,0.004309,0.005412,0.002445,0.002492,0.003532,7
diffusion_skill_stitcher,mobile_push_then_grasp,dynamics_mismatch,0.496032,0.297728,0.277957,0.378347,0.369245,0.104420,0.255392,0.149460,0.011449,0.003439,0.005303,0.006377,0.006222,0.002191,0.003116,0.002593,7
diffusion_skill_stitcher,mobile_push_then_grasp,high_barrier,0.539683,0.282826,0.263359,0.391511,0.376330,0.099666,0.249265,0.146631,0.050903,0.002933,0.001483,0.008835,0.009639,0.002492,0.002688,0.003756,7
diffusion_skill_stitcher,mobile_push_then_grasp,narrow_basin,0.523810,0.279033,0.261959,0.402401,0.387644,0.099161,0.248395,0.141568,0.043130,0.004848,0.002402,0.003861,0.003544,0.003014,0.003868,0.003554,7
diffusion_skill_stitcher,mobile_push_then_grasp,nominal,0.599206,0.249427,0.232765,0.435431,0.421491,0.087671,0.236220,0.133314,0.034346,0.003450,0.006674,0.007285,0.008859,0.001335,0.003381,0.002960,7
diffusion_skill_stitcher,mobile_push_then_grasp,nonconvex_energy,0.507937,0.285549,0.272337,0.396913,0.372815,0.101085,0.252573,0.145397,0.063940,0.003294,0.003885,0.006888,0.010966,0.002351,0.003302,0.004255,7
diffusion_skill_stitcher,mobile_push_then_grasp,partial_observability,0.511905,0.281966,0.266672,0.393643,0.389001,0.101715,0.252473,0.145308,0.047310,0.002688,0.002561,0.008275,0.008846,0.001872,0.002998,0.003287,7
diffusion_skill_stitcher,peg_place_regrasp,combined_seam_stress,0.418651,0.316688,0.298608,0.353433,0.354172,0.111243,0.264065,0.156286,0.033302,0.003001,0.005208,0.003192,0.009633,0.001772,0.002089,0.002456,7
diffusion_skill_stitcher,peg_place_regrasp,contact_mode_transition,0.468254,0.287516,0.270143,0.388879,0.375070,0.102546,0.252596,0.147233,0.029532,0.004519,0.002310,0.005222,0.007728,0.001656,0.002784,0.003089,7
diffusion_skill_stitcher,peg_place_regrasp,dynamics_mismatch,0.523810,0.292628,0.279753,0.384073,0.375796,0.103402,0.254612,0.147670,0.057506,0.004517,0.005204,0.005809,0.008634,0.001891,0.002800,0.003771,7
diffusion_skill_stitcher,peg_place_regrasp,high_barrier,0.521825,0.282951,0.262544,0.399322,0.380543,0.099056,0.250500,0.144689,0.047840,0.003949,0.003306,0.010440,0.009530,0.002080,0.001936,0.003927,7
diffusion_skill_stitcher,peg_place_regrasp,narrow_basin,0.555556,0.277150,0.259430,0.404890,0.392430,0.097468,0.249886,0.144645,0.046396,0.003063,0.003276,0.009611,0.008665,0.002895,0.001902,0.002369,7
diffusion_skill_stitcher,peg_place_regrasp,nominal,0.599206,0.245645,0.229879,0.430049,0.426016,0.086222,0.234286,0.137542,0.035854,0.003818,0.004279,0.009062,0.012987,0.002727,0.002367,0.004793,7
diffusion_skill_stitcher,peg_place_regrasp,nonconvex_energy,0.517857,0.281849,0.267267,0.394355,0.387766,0.100432,0.251325,0.147136,0.042719,0.004349,0.004650,0.006858,0.005799,0.002040,0.002429,0.003114,7
diffusion_skill_stitcher,peg_place_regrasp,partial_observability,0.521825,0.282522,0.264204,0.395181,0.378972,0.100371,0.251188,0.144646,0.043595,0.003869,0.002246,0.007913,0.006703,0.001260,0.003240,0.003010,7
diffusion_skill_stitcher,tool_use_handover,combined_seam_stress,0.426587,0.318265,0.299647,0.357808,0.343149,0.112033,0.267281,0.157585,0.045518,0.004296,0.004619,0.004300,0.009333,0.002358,0.002568,0.004188,7
diffusion_skill_stitcher,tool_use_handover,contact_mode_transition,0.507937,0.288774,0.277072,0.383747,0.371269,0.102782,0.252419,0.147328,0.039786,0.002627,0.004738,0.008720,0.002392,0.002394,0.003609,0.002643,7
diffusion_skill_stitcher,tool_use_handover,dynamics_mismatch,0.486111,0.294656,0.276105,0.377615,0.371423,0.105397,0.255319,0.150256,0.048624,0.003237,0.004231,0.007808,0.007176,0.001926,0.003919,0.003495,7
diffusion_skill_stitcher,tool_use_handover,high_barrier,0.488095,0.287428,0.267704,0.395122,0.372535,0.101616,0.252848,0.146063,0.052942,0.002490,0.003928,0.005723,0.008243,0.002191,0.003596,0.004330,7
diffusion_skill_stitcher,tool_use_handover,narrow_basin,0.507937,0.276910,0.262428,0.394772,0.380044,0.097447,0.247882,0.148049,0.031911,0.003855,0.003654,0.004875,0.007585,0.002237,0.003466,0.003664,7
diffusion_skill_stitcher,tool_use_handover,nominal,0.621032,0.249834,0.233343,0.427160,0.419362,0.086681,0.233043,0.135736,0.046287,0.004329,0.001548,0.009713,0.006501,0.001784,0.002911,0.003659,7
diffusion_skill_stitcher,tool_use_handover,nonconvex_energy,0.501984,0.287891,0.267861,0.392767,0.378527,0.103338,0.254066,0.145696,0.035854,0.003445,0.003198,0.008058,0.004429,0.001488,0.002488,0.002458,7
diffusion_skill_stitcher,tool_use_handover,partial_observability,0.505952,0.287296,0.268762,0.386711,0.381685,0.101052,0.250803,0.145876,0.052078,0.005197,0.005320,0.010452,0.012100,0.002747,0.002842,0.004683,7
energy_compatibility_heuristic,cable_route_insert,combined_seam_stress,0.575397,0.242466,0.249926,0.471238,0.450182,0.096119,0.353874,0.134717,0.041522,0.005808,0.002170,0.007247,0.003334,0.002541,0.003094,0.002176,7
energy_compatibility_heuristic,cable_route_insert,contact_mode_transition,0.569444,0.223767,0.228995,0.489741,0.471903,0.087552,0.337448,0.123709,0.044055,0.005109,0.005855,0.006558,0.005363,0.001473,0.002401,0.002505,7
energy_compatibility_heuristic,cable_route_insert,dynamics_mismatch,0.567460,0.223968,0.233830,0.482938,0.476747,0.089027,0.342889,0.123869,0.043421,0.004252,0.003000,0.006908,0.005333,0.002170,0.002209,0.003118,7
energy_compatibility_heuristic,cable_route_insert,high_barrier,0.619048,0.215575,0.223113,0.494326,0.477267,0.084082,0.335150,0.124102,0.037971,0.003002,0.004854,0.005568,0.009347,0.002249,0.003106,0.002831,7
energy_compatibility_heuristic,cable_route_insert,narrow_basin,0.632937,0.212694,0.215887,0.500565,0.485653,0.083000,0.332736,0.121026,0.042778,0.001492,0.003887,0.005739,0.008112,0.001272,0.003486,0.002884,7
energy_compatibility_heuristic,cable_route_insert,nominal,0.672619,0.187814,0.196993,0.529365,0.512432,0.072311,0.313614,0.112261,0.066111,0.004688,0.003003,0.007249,0.007034,0.002571,0.001534,0.004968,7
energy_compatibility_heuristic,cable_route_insert,nonconvex_energy,0.603175,0.215910,0.220242,0.493853,0.481357,0.086630,0.336796,0.123532,0.045185,0.004068,0.004852,0.009059,0.010110,0.002185,0.002798,0.002844,7
energy_compatibility_heuristic,cable_route_insert,partial_observability,0.575397,0.218424,0.222750,0.489512,0.479952,0.084549,0.337698,0.123883,0.050004,0.002461,0.004292,0.010529,0.006205,0.001704,0.003136,0.002792,7
energy_compatibility_heuristic,door_open_navigation,combined_seam_stress,0.593254,0.243294,0.246239,0.465104,0.456119,0.096263,0.355072,0.129420,0.028928,0.005530,0.003478,0.005727,0.005481,0.001657,0.002855,0.002110,7
energy_compatibility_heuristic,door_open_navigation,contact_mode_transition,0.626984,0.219401,0.224427,0.487529,0.477573,0.085115,0.340424,0.123573,0.056176,0.002826,0.003196,0.007167,0.008235,0.002398,0.001821,0.002034,7
energy_compatibility_heuristic,door_open_navigation,dynamics_mismatch,0.545635,0.220846,0.226233,0.488342,0.474159,0.086195,0.342388,0.126066,0.040601,0.003367,0.001112,0.005933,0.008966,0.002318,0.001740,0.004587,7
energy_compatibility_heuristic,door_open_navigation,high_barrier,0.567460,0.215674,0.224179,0.499722,0.488012,0.083543,0.335899,0.120996,0.052608,0.001737,0.003927,0.007267,0.008286,0.001571,0.003527,0.002117,7
energy_compatibility_heuristic,door_open_navigation,narrow_basin,0.595238,0.206123,0.215117,0.500416,0.491993,0.082442,0.330960,0.121606,0.045794,0.003910,0.005435,0.002714,0.009080,0.001232,0.004410,0.002732,7
energy_compatibility_heuristic,door_open_navigation,nominal,0.652778,0.186555,0.189572,0.531725,0.519484,0.075783,0.314586,0.113362,0.026566,0.002375,0.002696,0.002165,0.010615,0.002110,0.003326,0.002572,7
energy_compatibility_heuristic,door_open_navigation,nonconvex_energy,0.613095,0.219482,0.221610,0.494593,0.478846,0.084760,0.336250,0.122839,0.047310,0.002839,0.004000,0.005642,0.003708,0.001881,0.002895,0.002796,7
energy_compatibility_heuristic,door_open_navigation,partial_observability,0.644841,0.216267,0.221338,0.501880,0.480581,0.087229,0.336020,0.123171,0.037030,0.002909,0.002026,0.010644,0.011193,0.002969,0.002098,0.003804,7
energy_compatibility_heuristic,drawer_to_pick_transfer,combined_seam_stress,0.567460,0.242629,0.251801,0.462940,0.452629,0.095387,0.355892,0.129977,0.029955,0.004538,0.003536,0.004980,0.003686,0.002559,0.002986,0.002453,7
energy_compatibility_heuristic,drawer_to_pick_transfer,contact_mode_transition,0.613095,0.219910,0.223119,0.492696,0.481536,0.086011,0.340010,0.126824,0.033828,0.002250,0.004695,0.004302,0.006646,0.002186,0.004599,0.003759,7
energy_compatibility_heuristic,drawer_to_pick_transfer,dynamics_mismatch,0.625000,0.222977,0.227809,0.496834,0.481161,0.087732,0.343043,0.123632,0.039404,0.003438,0.003507,0.007685,0.003558,0.001750,0.004561,0.002953,7
energy_compatibility_heuristic,drawer_to_pick_transfer,high_barrier,0.625000,0.212690,0.222177,0.501100,0.484459,0.082780,0.334273,0.121532,0.043247,0.003344,0.003926,0.004995,0.003945,0.002558,0.001194,0.002599,7
energy_compatibility_heuristic,drawer_to_pick_transfer,narrow_basin,0.670635,0.206786,0.215816,0.505276,0.491129,0.079025,0.330728,0.123737,0.034492,0.003138,0.001355,0.009211,0.005390,0.001370,0.003704,0.004452,7
energy_compatibility_heuristic,drawer_to_pick_transfer,nominal,0.678571,0.185215,0.192613,0.532571,0.515396,0.073964,0.313640,0.113102,0.018241,0.001754,0.004564,0.007497,0.006600,0.001931,0.001576,0.003252,7
energy_compatibility_heuristic,drawer_to_pick_transfer,nonconvex_energy,0.617063,0.211098,0.221652,0.494909,0.484920,0.082871,0.338324,0.124208,0.036064,0.002805,0.002346,0.010655,0.009293,0.001858,0.002269,0.002323,7
energy_compatibility_heuristic,drawer_to_pick_transfer,partial_observability,0.628968,0.214809,0.221696,0.500468,0.479632,0.082624,0.336595,0.121690,0.057506,0.002686,0.002542,0.008591,0.006790,0.001613,0.001690,0.003266,7
energy_compatibility_heuristic,mobile_push_then_grasp,combined_seam_stress,0.547619,0.243071,0.246264,0.466398,0.445085,0.093220,0.352911,0.133085,0.045185,0.002869,0.003627,0.009244,0.007090,0.002918,0.002873,0.002983,7
energy_compatibility_heuristic,mobile_push_then_grasp,contact_mode_transition,0.634921,0.219571,0.226399,0.498687,0.477763,0.087251,0.340859,0.121032,0.031832,0.002082,0.003322,0.005660,0.013073,0.002392,0.002889,0.002544,7
energy_compatibility_heuristic,mobile_push_then_grasp,dynamics_mismatch,0.583333,0.224179,0.230361,0.481411,0.472173,0.087466,0.343559,0.124941,0.044849,0.006478,0.004823,0.010674,0.012035,0.002908,0.002235,0.002072,7
energy_compatibility_heuristic,mobile_push_then_grasp,high_barrier,0.607143,0.212471,0.221732,0.509015,0.484508,0.082919,0.334444,0.120365,0.039723,0.004657,0.001906,0.004419,0.008018,0.002350,0.003385,0.002839,7
energy_compatibility_heuristic,mobile_push_then_grasp,narrow_basin,0.630952,0.210182,0.217219,0.501509,0.491988,0.081324,0.330062,0.122682,0.047097,0.002098,0.001655,0.005000,0.011135,0.001880,0.002003,0.002111,7
energy_compatibility_heuristic,mobile_push_then_grasp,nominal,0.680556,0.186721,0.192069,0.534286,0.516680,0.073893,0.313902,0.112315,0.051787,0.003245,0.002747,0.006980,0.008007,0.001859,0.003364,0.003211,7
energy_compatibility_heuristic,mobile_push_then_grasp,nonconvex_energy,0.656746,0.218125,0.225310,0.492895,0.480185,0.085529,0.336415,0.124126,0.038367,0.003618,0.004453,0.007143,0.006754,0.002111,0.004199,0.002070,7
energy_compatibility_heuristic,mobile_push_then_grasp,partial_observability,0.599206,0.215041,0.221244,0.505559,0.478899,0.084962,0.336667,0.121289,0.045017,0.002180,0.003740,0.006728,0.008144,0.001430,0.002699,0.003104,7
energy_compatibility_heuristic,peg_place_regrasp,combined_seam_stress,0.557540,0.238601,0.245427,0.472325,0.455805,0.095088,0.356479,0.129664,0.051249,0.005407,0.003615,0.005839,0.006909,0.001886,0.003255,0.002802,7
energy_compatibility_heuristic,peg_place_regrasp,contact_mode_transition,0.623016,0.216291,0.223097,0.500585,0.483752,0.084006,0.342216,0.121766,0.026184,0.003852,0.003203,0.004675,0.004975,0.003164,0.002921,0.002485,7
energy_compatibility_heuristic,peg_place_regrasp,dynamics_mismatch,0.621032,0.220940,0.227743,0.488255,0.471723,0.085516,0.342103,0.127537,0.034492,0.005206,0.001685,0.007172,0.005660,0.001694,0.005143,0.002671,7
energy_compatibility_heuristic,peg_place_regrasp,high_barrier,0.625000,0.212014,0.217165,0.501059,0.484411,0.081795,0.335100,0.121071,0.038498,0.004690,0.003137,0.006772,0.009586,0.002868,0.003613,0.005293,7
energy_compatibility_heuristic,peg_place_regrasp,narrow_basin,0.642857,0.210762,0.217190,0.509437,0.498194,0.080505,0.331583,0.119866,0.043940,0.003560,0.003841,0.006073,0.006098,0.002159,0.002217,0.001769,7
energy_compatibility_heuristic,peg_place_regrasp,nominal,0.658730,0.182236,0.190231,0.534942,0.521585,0.071620,0.316441,0.113278,0.018650,0.003511,0.004348,0.005909,0.006130,0.002368,0.004011,0.002297,7
energy_compatibility_heuristic,peg_place_regrasp,nonconvex_energy,0.660714,0.213074,0.222493,0.500095,0.485775,0.083505,0.337327,0.124306,0.041095,0.002097,0.003399,0.008878,0.004472,0.002072,0.002922,0.003907,7
energy_compatibility_heuristic,peg_place_regrasp,partial_observability,0.623016,0.210858,0.220839,0.501387,0.491019,0.083459,0.338543,0.119720,0.051933,0.002534,0.004527,0.007754,0.005733,0.002525,0.002892,0.002294,7
energy_compatibility_heuristic,tool_use_handover,combined_seam_stress,0.555556,0.243348,0.248530,0.462716,0.453037,0.092388,0.355723,0.130945,0.041156,0.004247,0.003508,0.005072,0.008309,0.002329,0.002052,0.003304,7
energy_compatibility_heuristic,tool_use_handover,contact_mode_transition,0.609127,0.219558,0.227316,0.494987,0.472210,0.086833,0.339911,0.123162,0.056176,0.004071,0.003171,0.005236,0.006141,0.001412,0.003243,0.002442,7
energy_compatibility_heuristic,tool_use_handover,dynamics_mismatch,0.579365,0.225671,0.228555,0.487252,0.474601,0.087038,0.344892,0.126782,0.031832,0.003807,0.004082,0.009178,0.006088,0.001475,0.003681,0.002593,7
energy_compatibility_heuristic,tool_use_handover,high_barrier,0.619048,0.212002,0.222209,0.500121,0.480802,0.084495,0.335858,0.123685,0.050004,0.003303,0.002480,0.006338,0.011702,0.002515,0.004013,0.002033,7
energy_compatibility_heuristic,tool_use_handover,narrow_basin,0.626984,0.209911,0.217636,0.499293,0.491991,0.082517,0.331923,0.122565,0.053933,0.002841,0.005055,0.007324,0.008942,0.002567,0.003012,0.002474,7
energy_compatibility_heuristic,tool_use_handover,nominal,0.676587,0.186035,0.193977,0.527399,0.517129,0.072015,0.318471,0.112322,0.035000,0.004621,0.003438,0.006033,0.006407,0.002380,0.002763,0.003658,7
energy_compatibility_heuristic,tool_use_handover,nonconvex_energy,0.599206,0.217379,0.224618,0.491488,0.479773,0.085720,0.335331,0.124548,0.040910,0.006841,0.001926,0.007191,0.005463,0.001171,0.003245,0.003756,7
energy_compatibility_heuristic,tool_use_handover,partial_observability,0.591270,0.216344,0.218910,0.500779,0.479122,0.083914,0.336030,0.121679,0.039340,0.001992,0.003178,0.006644,0.003039,0.001215,0.003696,0.004401,7
greedy_module_sequence,cable_route_insert,combined_seam_stress,0.220238,0.463570,0.425785,0.186531,0.168059,0.156267,0.082952,0.200192,0.031673,0.004595,0.005612,0.009175,0.004655,0.001987,0.003036,0.003827,7
greedy_module_sequence,cable_route_insert,contact_mode_transition,0.279762,0.422275,0.386795,0.207549,0.199303,0.144648,0.082248,0.190377,0.044623,0.004081,0.003454,0.010632,0.007032,0.001824,0.004106,0.003913,7
greedy_module_sequence,cable_route_insert,dynamics_mismatch,0.319444,0.430388,0.389373,0.216687,0.194970,0.146627,0.077251,0.192841,0.035642,0.003007,0.003404,0.008291,0.005914,0.001561,0.003275,0.003156,7
greedy_module_sequence,cable_route_insert,high_barrier,0.297619,0.414532,0.375027,0.222766,0.207765,0.138763,0.080172,0.188388,0.034051,0.003262,0.001996,0.004428,0.007594,0.001853,0.003841,0.003681,7
greedy_module_sequence,cable_route_insert,narrow_basin,0.347222,0.404457,0.368679,0.224061,0.220622,0.135569,0.077729,0.184904,0.029702,0.003831,0.003489,0.006021,0.008470,0.002166,0.003612,0.002508,7
greedy_module_sequence,cable_route_insert,nominal,0.424603,0.362853,0.329159,0.249832,0.250668,0.119494,0.074152,0.180973,0.042778,0.003055,0.004030,0.010116,0.005030,0.002572,0.002921,0.002624,7
greedy_module_sequence,cable_route_insert,nonconvex_energy,0.251984,0.414304,0.376889,0.214884,0.206670,0.140138,0.078599,0.191198,0.019183,0.003137,0.002566,0.003870,0.005278,0.002953,0.003982,0.001388,7
greedy_module_sequence,cable_route_insert,partial_observability,0.313492,0.415029,0.376218,0.220719,0.214773,0.141328,0.083557,0.187115,0.050705,0.002165,0.004945,0.007928,0.005898,0.002447,0.001812,0.002897,7
greedy_module_sequence,door_open_navigation,combined_seam_stress,0.206349,0.459190,0.423802,0.189701,0.175249,0.157773,0.082819,0.198494,0.050556,0.001054,0.001921,0.010071,0.006215,0.002876,0.004388,0.004688,7
greedy_module_sequence,door_open_navigation,contact_mode_transition,0.319444,0.422521,0.383703,0.219806,0.201148,0.142946,0.082498,0.187783,0.048986,0.001914,0.004022,0.004944,0.009404,0.001769,0.002262,0.002660,7
greedy_module_sequence,door_open_navigation,dynamics_mismatch,0.287698,0.425311,0.389131,0.213779,0.204122,0.143336,0.079561,0.191772,0.039276,0.002120,0.003359,0.007767,0.010181,0.001905,0.003927,0.003791,7
greedy_module_sequence,door_open_navigation,high_barrier,0.313492,0.408339,0.373920,0.226281,0.212280,0.136861,0.077011,0.185444,0.038889,0.002358,0.006394,0.007661,0.004019,0.001711,0.003777,0.003597,7
greedy_module_sequence,door_open_navigation,narrow_basin,0.357143,0.402322,0.364479,0.226976,0.222616,0.132528,0.079246,0.188009,0.033453,0.004899,0.004157,0.004601,0.008366,0.002140,0.002484,0.002939,7
greedy_module_sequence,door_open_navigation,nominal,0.404762,0.360987,0.325524,0.258642,0.256215,0.119360,0.075527,0.175558,0.055544,0.003299,0.003654,0.006645,0.005630,0.003020,0.002380,0.002666,7
greedy_module_sequence,door_open_navigation,nonconvex_energy,0.287698,0.412677,0.377723,0.223737,0.210808,0.139179,0.081228,0.186255,0.032922,0.002585,0.002874,0.003484,0.006090,0.002042,0.003603,0.004281,7
greedy_module_sequence,door_open_navigation,partial_observability,0.297619,0.409415,0.374340,0.220001,0.210044,0.139176,0.079789,0.186692,0.042363,0.003664,0.003303,0.006260,0.005704,0.001533,0.003809,0.001868,7
greedy_module_sequence,drawer_to_pick_transfer,combined_seam_stress,0.265873,0.456802,0.426025,0.187786,0.184627,0.158733,0.082279,0.196293,0.028133,0.005216,0.002625,0.005251,0.010265,0.002509,0.002109,0.004721,7
greedy_module_sequence,drawer_to_pick_transfer,contact_mode_transition,0.317460,0.423209,0.381568,0.216347,0.208631,0.142860,0.083083,0.190741,0.036343,0.003805,0.002915,0.010349,0.006869,0.003227,0.002335,0.001511,7
greedy_module_sequence,drawer_to_pick_transfer,dynamics_mismatch,0.313492,0.424820,0.387447,0.214753,0.201865,0.142644,0.079597,0.187839,0.051738,0.002157,0.003708,0.007931,0.005109,0.001395,0.003728,0.001931,7
greedy_module_sequence,drawer_to_pick_transfer,high_barrier,0.311508,0.409700,0.374916,0.222219,0.211225,0.136295,0.079209,0.185742,0.040227,0.004449,0.004206,0.007074,0.007320,0.002236,0.001679,0.002570,7
greedy_module_sequence,drawer_to_pick_transfer,narrow_basin,0.353175,0.401621,0.365205,0.230882,0.222043,0.133402,0.077759,0.185361,0.043595,0.005509,0.005347,0.014065,0.008484,0.001517,0.003381,0.003644,7
greedy_module_sequence,drawer_to_pick_transfer,nominal,0.434524,0.358804,0.324620,0.260290,0.256068,0.117540,0.075414,0.176734,0.040164,0.004388,0.005151,0.005712,0.007963,0.001094,0.002792,0.003848,7
greedy_module_sequence,drawer_to_pick_transfer,nonconvex_energy,0.343254,0.413045,0.378056,0.220076,0.212996,0.139365,0.081341,0.189616,0.023548,0.004680,0.003690,0.007545,0.010896,0.001922,0.002421,0.003878,7
greedy_module_sequence,drawer_to_pick_transfer,partial_observability,0.341270,0.410832,0.374939,0.217285,0.215424,0.139461,0.076526,0.190264,0.038433,0.005011,0.002337,0.009588,0.005300,0.001863,0.003081,0.003920,7
greedy_module_sequence,mobile_push_then_grasp,combined_seam_stress,0.228175,0.461070,0.421811,0.190333,0.179512,0.158927,0.082194,0.198044,0.057243,0.004919,0.002116,0.004985,0.004350,0.001982,0.003553,0.003819,7
greedy_module_sequence,mobile_push_then_grasp,contact_mode_transition,0.323413,0.420471,0.382573,0.211874,0.207224,0.143930,0.079742,0.188473,0.037904,0.003714,0.005047,0.006983,0.005452,0.001448,0.004402,0.002590,7
greedy_module_sequence,mobile_push_then_grasp,dynamics_mismatch,0.289683,0.427449,0.390560,0.209593,0.203633,0.146585,0.080910,0.194349,0.057111,0.003625,0.004904,0.009117,0.006929,0.001669,0.003805,0.004401,7
greedy_module_sequence,mobile_push_then_grasp,high_barrier,0.375000,0.410569,0.373491,0.222500,0.220831,0.137402,0.080598,0.188543,0.049344,0.001608,0.003085,0.008369,0.008635,0.001868,0.003574,0.002672,7
greedy_module_sequence,mobile_push_then_grasp,narrow_basin,0.309524,0.401792,0.363524,0.230748,0.213316,0.134505,0.078837,0.185580,0.027681,0.004237,0.003899,0.005028,0.008690,0.001368,0.002794,0.002241,7
greedy_module_sequence,mobile_push_then_grasp,nominal,0.454365,0.360617,0.326316,0.255589,0.246171,0.117468,0.074492,0.176049,0.039276,0.003754,0.002094,0.007884,0.005088,0.002154,0.002652,0.003151,7
greedy_module_sequence,mobile_push_then_grasp,nonconvex_energy,0.307540,0.415387,0.380659,0.220073,0.209878,0.141682,0.079119,0.187373,0.029955,0.002436,0.004821,0.009243,0.006646,0.001861,0.002453,0.003358,7
greedy_module_sequence,mobile_push_then_grasp,partial_observability,0.297619,0.415242,0.373838,0.223582,0.215252,0.140360,0.078686,0.188574,0.051396,0.005852,0.003392,0.007603,0.007798,0.001035,0.002182,0.004444,7
greedy_module_sequence,peg_place_regrasp,combined_seam_stress,0.277778,0.458250,0.423036,0.200277,0.179119,0.157866,0.085276,0.198996,0.024493,0.003963,0.002828,0.007362,0.007704,0.002379,0.003037,0.002621,7
greedy_module_sequence,peg_place_regrasp,contact_mode_transition,0.337302,0.419373,0.385322,0.218095,0.209496,0.139950,0.080172,0.189846,0.025698,0.001565,0.004905,0.006672,0.010265,0.002265,0.003915,0.002300,7
greedy_module_sequence,peg_place_regrasp,dynamics_mismatch,0.313492,0.421178,0.385954,0.214988,0.207524,0.144254,0.078899,0.190606,0.052416,0.005112,0.001291,0.006858,0.005488,0.003273,0.002689,0.003204,7
greedy_module_sequence,peg_place_regrasp,high_barrier,0.315476,0.408617,0.372818,0.221621,0.213697,0.138561,0.078692,0.190692,0.031273,0.002361,0.005712,0.008507,0.007079,0.002400,0.002050,0.005397,7
greedy_module_sequence,peg_place_regrasp,narrow_basin,0.347222,0.400298,0.363120,0.227634,0.225100,0.133600,0.079772,0.184828,0.031434,0.003768,0.005119,0.008592,0.003174,0.001774,0.002717,0.002275,7
greedy_module_sequence,peg_place_regrasp,nominal,0.462302,0.360869,0.324500,0.261192,0.253260,0.116132,0.075405,0.172264,0.019444,0.003976,0.003682,0.008174,0.005544,0.002429,0.002682,0.001569,7
greedy_module_sequence,peg_place_regrasp,nonconvex_energy,0.341270,0.413164,0.378104,0.229923,0.216489,0.140172,0.078315,0.184141,0.019574,0.002446,0.005370,0.005275,0.008220,0.002291,0.003298,0.002444,7
greedy_module_sequence,peg_place_regrasp,partial_observability,0.329365,0.412659,0.373524,0.222859,0.212275,0.137070,0.079678,0.187273,0.045904,0.003441,0.004895,0.009050,0.008318,0.002911,0.002957,0.003133,7
greedy_module_sequence,tool_use_handover,combined_seam_stress,0.214286,0.464080,0.423662,0.187641,0.172109,0.158845,0.085821,0.198637,0.024390,0.003570,0.002852,0.007110,0.004617,0.002529,0.001682,0.002980,7
greedy_module_sequence,tool_use_handover,contact_mode_transition,0.309524,0.425019,0.385178,0.216341,0.197862,0.141092,0.082850,0.189823,0.032381,0.003451,0.004059,0.007062,0.004420,0.002065,0.003898,0.004478,7
greedy_module_sequence,tool_use_handover,dynamics_mismatch,0.289683,0.425332,0.391595,0.211740,0.202037,0.143123,0.078851,0.192313,0.039147,0.002909,0.003446,0.007489,0.007641,0.003428,0.002706,0.002365,7
greedy_module_sequence,tool_use_handover,high_barrier,0.309524,0.411910,0.379255,0.225248,0.205393,0.139340,0.079690,0.186477,0.035994,0.002883,0.003823,0.006837,0.006305,0.001864,0.003492,0.001795,7
greedy_module_sequence,tool_use_handover,narrow_basin,0.373016,0.405832,0.368056,0.225807,0.210784,0.134148,0.078984,0.184321,0.038694,0.005661,0.003815,0.006831,0.006639,0.002640,0.002928,0.002269,7
greedy_module_sequence,tool_use_handover,nominal,0.438492,0.365111,0.328703,0.260553,0.244166,0.118884,0.076019,0.172884,0.045959,0.005060,0.005537,0.003269,0.008523,0.002822,0.003175,0.001885,7
greedy_module_sequence,tool_use_handover,nonconvex_energy,0.367063,0.416576,0.377959,0.220632,0.209613,0.140767,0.080702,0.189023,0.025103,0.002599,0.004171,0.010294,0.012539,0.002582,0.002805,0.003095,7
greedy_module_sequence,tool_use_handover,partial_observability,0.331349,0.412526,0.376632,0.223094,0.212488,0.138113,0.079657,0.188411,0.033302,0.004443,0.001795,0.006439,0.009065,0.002977,0.003234,0.003572,7
option_graph_planner,cable_route_insert,combined_seam_stress,0.382937,0.339876,0.325299,0.316507,0.300847,0.121653,0.189200,0.166553,0.033529,0.004297,0.003166,0.005838,0.007832,0.001716,0.002349,0.001912,7
option_graph_planner,cable_route_insert,contact_mode_transition,0.442460,0.311986,0.298087,0.347838,0.335450,0.112775,0.177315,0.156522,0.042184,0.003391,0.001672,0.006525,0.006829,0.002049,0.002936,0.002565,7
option_graph_planner,cable_route_insert,dynamics_mismatch,0.440476,0.315014,0.303792,0.344625,0.328559,0.110368,0.177879,0.156301,0.033977,0.003059,0.003956,0.007784,0.008943,0.001975,0.001937,0.003903,7
option_graph_planner,cable_route_insert,high_barrier,0.480159,0.303395,0.288165,0.358260,0.333665,0.108605,0.177419,0.151218,0.028400,0.002400,0.003753,0.007229,0.005417,0.002756,0.002876,0.002158,7
option_graph_planner,cable_route_insert,narrow_basin,0.432540,0.300154,0.285735,0.371427,0.359208,0.103149,0.170930,0.153120,0.034856,0.004065,0.004883,0.006754,0.006083,0.001802,0.001989,0.001774,7
option_graph_planner,cable_route_insert,nominal,0.543651,0.262776,0.254549,0.403427,0.375450,0.093211,0.162448,0.144982,0.061283,0.002331,0.004928,0.007963,0.004212,0.001654,0.002702,0.005821,7
option_graph_planner,cable_route_insert,nonconvex_energy,0.434524,0.306182,0.294689,0.356469,0.330561,0.109611,0.176729,0.156294,0.041885,0.006146,0.003072,0.011916,0.007011,0.002881,0.002971,0.003607,7
option_graph_planner,cable_route_insert,partial_observability,0.490079,0.309888,0.290139,0.362401,0.343869,0.106003,0.172784,0.152617,0.037904,0.003273,0.005268,0.006471,0.007696,0.002756,0.001691,0.002607,7
option_graph_planner,door_open_navigation,combined_seam_stress,0.392857,0.340130,0.318043,0.321458,0.306230,0.119701,0.184599,0.161871,0.038367,0.004624,0.004017,0.004698,0.008370,0.001448,0.002847,0.003111,7
option_graph_planner,door_open_navigation,contact_mode_transition,0.430556,0.310918,0.291990,0.353481,0.336470,0.108949,0.177830,0.154531,0.042005,0.004090,0.003251,0.006062,0.008124,0.001014,0.002253,0.002130,7
option_graph_planner,door_open_navigation,dynamics_mismatch,0.426587,0.315117,0.299763,0.356875,0.325796,0.110438,0.179184,0.153895,0.027036,0.002677,0.004639,0.004818,0.007275,0.002197,0.003523,0.003691,7
option_graph_planner,door_open_navigation,high_barrier,0.438492,0.303430,0.286666,0.360680,0.337242,0.107468,0.174697,0.153650,0.030785,0.003766,0.004778,0.002951,0.006491,0.001517,0.002310,0.003410,7
option_graph_planner,door_open_navigation,narrow_basin,0.519841,0.295910,0.281607,0.365946,0.355390,0.102873,0.174232,0.153558,0.031911,0.003329,0.002205,0.008483,0.003673,0.002357,0.003039,0.002317,7
option_graph_planner,door_open_navigation,nominal,0.577381,0.263937,0.250019,0.401939,0.384119,0.093651,0.160687,0.140780,0.027772,0.004090,0.004426,0.005849,0.006472,0.003217,0.002784,0.002225,7
option_graph_planner,door_open_navigation,nonconvex_energy,0.458333,0.305247,0.291115,0.360592,0.339224,0.108136,0.175285,0.152344,0.042423,0.003610,0.002997,0.006573,0.010482,0.002098,0.002415,0.003563,7
option_graph_planner,door_open_navigation,partial_observability,0.488095,0.306338,0.290458,0.358066,0.342214,0.105770,0.172878,0.152809,0.034856,0.002952,0.002529,0.005213,0.006331,0.002051,0.003434,0.004207,7
option_graph_planner,drawer_to_pick_transfer,combined_seam_stress,0.432540,0.334785,0.323074,0.323736,0.306771,0.121139,0.187535,0.163471,0.079572,0.004132,0.004401,0.004280,0.006486,0.002205,0.002886,0.003612,7
option_graph_planner,drawer_to_pick_transfer,contact_mode_transition,0.486111,0.311459,0.295562,0.347894,0.333962,0.108576,0.176802,0.155906,0.027863,0.003681,0.004198,0.007281,0.012256,0.003163,0.002235,0.002332,7
option_graph_planner,drawer_to_pick_transfer,dynamics_mismatch,0.436508,0.312974,0.295092,0.349017,0.328551,0.110578,0.177729,0.157602,0.038889,0.002756,0.003989,0.004847,0.007037,0.002329,0.002093,0.002692,7
option_graph_planner,drawer_to_pick_transfer,high_barrier,0.478175,0.301446,0.287224,0.365175,0.346783,0.105999,0.173235,0.152109,0.030785,0.003401,0.003840,0.007218,0.006974,0.001811,0.002239,0.002272,7
option_graph_planner,drawer_to_pick_transfer,narrow_basin,0.484127,0.293087,0.276481,0.374152,0.351056,0.103659,0.171201,0.151278,0.061283,0.005622,0.004322,0.007191,0.006291,0.002127,0.003415,0.002602,7
option_graph_planner,drawer_to_pick_transfer,nominal,0.527778,0.263698,0.248860,0.409856,0.377723,0.089900,0.163458,0.141607,0.045629,0.003341,0.003528,0.007516,0.003939,0.003266,0.004207,0.004167,7
option_graph_planner,drawer_to_pick_transfer,nonconvex_energy,0.444444,0.303894,0.292079,0.359783,0.344584,0.107195,0.174590,0.154600,0.020578,0.004013,0.005585,0.009199,0.009375,0.001738,0.002879,0.004559,7
option_graph_planner,drawer_to_pick_transfer,partial_observability,0.470238,0.303170,0.286386,0.361453,0.345596,0.104658,0.173714,0.148810,0.023333,0.004686,0.003402,0.005803,0.007845,0.001584,0.003838,0.004240,7
option_graph_planner,mobile_push_then_grasp,combined_seam_stress,0.367063,0.337562,0.325430,0.321229,0.305877,0.121552,0.183593,0.161923,0.063386,0.002036,0.004586,0.007641,0.005401,0.002143,0.002698,0.002443,7
option_graph_planner,mobile_push_then_grasp,contact_mode_transition,0.436508,0.312811,0.295143,0.355276,0.325587,0.110247,0.177486,0.154591,0.032998,0.005163,0.003593,0.005828,0.005245,0.001814,0.001846,0.003678,7
option_graph_planner,mobile_push_then_grasp,dynamics_mismatch,0.428571,0.313450,0.295743,0.350709,0.328221,0.111103,0.180207,0.156302,0.024078,0.003231,0.004726,0.008188,0.010370,0.003087,0.004082,0.003219,7
option_graph_planner,mobile_push_then_grasp,high_barrier,0.486111,0.298863,0.286516,0.360779,0.341762,0.107103,0.173900,0.154186,0.029102,0.004405,0.003613,0.007697,0.005941,0.002237,0.003607,0.003999,7
option_graph_planner,mobile_push_then_grasp,narrow_basin,0.484127,0.293742,0.282432,0.369237,0.346558,0.103630,0.172326,0.154549,0.031673,0.003760,0.002695,0.003919,0.009488,0.002697,0.002512,0.001786,7
option_graph_planner,mobile_push_then_grasp,nominal,0.577381,0.267269,0.253568,0.405550,0.383541,0.092055,0.164958,0.142025,0.042778,0.003074,0.004937,0.007677,0.007182,0.002383,0.002998,0.003323,7
option_graph_planner,mobile_push_then_grasp,nonconvex_energy,0.464286,0.308393,0.290129,0.356616,0.339199,0.107021,0.176679,0.153398,0.051738,0.002810,0.004891,0.010321,0.007769,0.003616,0.003376,0.003337,7
option_graph_planner,mobile_push_then_grasp,partial_observability,0.452381,0.302724,0.286760,0.362226,0.339243,0.107150,0.175647,0.152976,0.031911,0.002548,0.003082,0.007844,0.005609,0.001957,0.003218,0.002223,7
option_graph_planner,peg_place_regrasp,combined_seam_stress,0.414683,0.339198,0.323270,0.320417,0.312839,0.119391,0.186837,0.165917,0.046936,0.002525,0.003694,0.007792,0.009317,0.001812,0.003516,0.003269,7
option_graph_planner,peg_place_regrasp,contact_mode_transition,0.460317,0.309068,0.293768,0.353623,0.342412,0.108123,0.177651,0.156343,0.024800,0.004838,0.002022,0.011333,0.007199,0.001892,0.002695,0.003835,7
option_graph_planner,peg_place_regrasp,dynamics_mismatch,0.464286,0.313034,0.297168,0.347692,0.333685,0.109910,0.176926,0.159835,0.052751,0.002985,0.002330,0.002426,0.009064,0.002168,0.003003,0.004062,7
option_graph_planner,peg_place_regrasp,high_barrier,0.452381,0.302960,0.286674,0.365830,0.348677,0.106209,0.176022,0.153027,0.066643,0.003985,0.001634,0.006604,0.011064,0.002480,0.003354,0.003445,7
option_graph_planner,peg_place_regrasp,narrow_basin,0.529762,0.292677,0.278577,0.378507,0.351200,0.103724,0.171074,0.149171,0.058935,0.004861,0.004117,0.007113,0.006881,0.002609,0.003065,0.002283,7
option_graph_planner,peg_place_regrasp,nominal,0.547619,0.264283,0.250808,0.405463,0.389581,0.089728,0.164298,0.144022,0.041095,0.003232,0.003673,0.005312,0.005918,0.002096,0.002964,0.003142,7
option_graph_planner,peg_place_regrasp,nonconvex_energy,0.472222,0.304460,0.284638,0.364174,0.343935,0.106990,0.174554,0.151875,0.044454,0.002014,0.002438,0.004884,0.005744,0.002557,0.002892,0.002648,7
option_graph_planner,peg_place_regrasp,partial_observability,0.458333,0.297744,0.287462,0.361939,0.342347,0.105719,0.175254,0.154633,0.023007,0.004808,0.004212,0.005269,0.004658,0.002660,0.003783,0.004199,7
option_graph_planner,tool_use_handover,combined_seam_stress,0.380952,0.342156,0.325073,0.325974,0.300423,0.119937,0.186506,0.163640,0.011667,0.004100,0.004541,0.003356,0.005093,0.002039,0.002248,0.001797,7
option_graph_planner,tool_use_handover,contact_mode_transition,0.460317,0.311394,0.295437,0.352651,0.342840,0.110018,0.178322,0.155606,0.023333,0.005106,0.004391,0.006568,0.007066,0.002091,0.002963,0.003370,7
option_graph_planner,tool_use_handover,dynamics_mismatch,0.448413,0.315020,0.301204,0.353942,0.329654,0.113430,0.178038,0.156536,0.050306,0.002418,0.003273,0.006007,0.003207,0.001906,0.003313,0.004235,7
option_graph_planner,tool_use_handover,high_barrier,0.474206,0.306796,0.288842,0.360924,0.338345,0.107874,0.173653,0.154063,0.067320,0.002367,0.004471,0.012662,0.005576,0.002565,0.003397,0.004471,7
option_graph_planner,tool_use_handover,narrow_basin,0.482143,0.298650,0.282174,0.368501,0.354501,0.105129,0.173416,0.152820,0.036961,0.003876,0.002034,0.004514,0.008491,0.001880,0.003273,0.002050,7
option_graph_planner,tool_use_handover,nominal,0.585317,0.263445,0.251206,0.404682,0.387581,0.090786,0.161016,0.144637,0.046559,0.002272,0.006067,0.005830,0.007178,0.001051,0.001985,0.002915,7
option_graph_planner,tool_use_handover,nonconvex_energy,0.460317,0.308382,0.292256,0.355991,0.336149,0.108616,0.177310,0.155829,0.040477,0.002366,0.004095,0.008049,0.006252,0.002552,0.003248,0.004028,7
option_graph_planner,tool_use_handover,partial_observability,0.452381,0.305439,0.289087,0.360922,0.342159,0.106487,0.176191,0.152261,0.031353,0.006454,0.003633,0.012530,0.008968,0.002303,0.002828,0.003923,7
oracle_basin_composer,cable_route_insert,combined_seam_stress,0.791667,0.081428,0.071286,0.822562,0.811958,0.043194,0.211145,0.049152,0.022227,0.003712,0.002793,0.007165,0.004568,0.003102,0.002221,0.003025,7
oracle_basin_composer,cable_route_insert,contact_mode_transition,0.789683,0.071785,0.064595,0.835850,0.817855,0.037847,0.205822,0.045932,0.022564,0.003753,0.004764,0.006645,0.004567,0.001940,0.004105,0.004560,7
oracle_basin_composer,cable_route_insert,dynamics_mismatch,0.815476,0.068880,0.065928,0.832586,0.825533,0.038750,0.202049,0.046981,0.030703,0.002959,0.002992,0.006272,0.007853,0.003463,0.003076,0.002810,7
oracle_basin_composer,cable_route_insert,high_barrier,0.837302,0.067970,0.066347,0.837292,0.821669,0.039955,0.201466,0.045316,0.028928,0.002662,0.004976,0.006470,0.007415,0.001741,0.003270,0.001908,7
oracle_basin_composer,cable_route_insert,narrow_basin,0.795635,0.072306,0.063704,0.835024,0.820822,0.037972,0.202281,0.042875,0.032381,0.003853,0.003556,0.007324,0.007925,0.002666,0.003489,0.002476,7
oracle_basin_composer,cable_route_insert,nominal,0.833333,0.060742,0.058933,0.848945,0.840590,0.036161,0.195019,0.042441,0.010289,0.002569,0.004143,0.008259,0.008313,0.002336,0.003532,0.004353,7
oracle_basin_composer,cable_route_insert,nonconvex_energy,0.765873,0.071168,0.062336,0.831903,0.828229,0.039136,0.204648,0.047574,0.025501,0.003050,0.004165,0.008274,0.011513,0.002580,0.002256,0.002582,7
oracle_basin_composer,cable_route_insert,partial_observability,0.803571,0.067332,0.062134,0.832561,0.831872,0.038212,0.203250,0.047343,0.026184,0.004175,0.002478,0.007491,0.007735,0.002929,0.003538,0.002852,7
oracle_basin_composer,door_open_navigation,combined_seam_stress,0.781746,0.073379,0.065642,0.832177,0.821545,0.041381,0.211001,0.046171,0.021999,0.003110,0.002144,0.007686,0.010072,0.002511,0.002514,0.001726,7
oracle_basin_composer,door_open_navigation,contact_mode_transition,0.829365,0.070150,0.062236,0.835157,0.829757,0.039092,0.204445,0.045864,0.037436,0.002701,0.002694,0.002900,0.006897,0.002000,0.003037,0.001063,7
oracle_basin_composer,door_open_navigation,dynamics_mismatch,0.775794,0.067719,0.061979,0.833732,0.824155,0.040073,0.205614,0.047024,0.026849,0.003997,0.001838,0.011463,0.007383,0.002054,0.001660,0.005289,7
oracle_basin_composer,door_open_navigation,high_barrier,0.837302,0.069398,0.061986,0.829106,0.830550,0.037105,0.200380,0.045643,0.021999,0.002809,0.003320,0.011811,0.007384,0.001837,0.003311,0.004251,7
oracle_basin_composer,door_open_navigation,narrow_basin,0.829365,0.063970,0.062368,0.843796,0.827439,0.037003,0.200059,0.045407,0.022787,0.004283,0.003613,0.007651,0.004306,0.002303,0.004792,0.002244,7
oracle_basin_composer,door_open_navigation,nominal,0.857143,0.057945,0.054487,0.844288,0.840731,0.036338,0.196146,0.043612,0.011449,0.005528,0.004496,0.006658,0.007440,0.003303,0.002600,0.001934,7
oracle_basin_composer,door_open_navigation,nonconvex_energy,0.863095,0.069520,0.061710,0.834870,0.830691,0.039423,0.199926,0.047163,0.012501,0.003795,0.004880,0.006998,0.006611,0.001778,0.003843,0.004562,7
oracle_basin_composer,door_open_navigation,partial_observability,0.831349,0.066280,0.061266,0.835717,0.827412,0.036779,0.199604,0.043534,0.042601,0.004635,0.005668,0.007730,0.008678,0.002910,0.002666,0.001669,7
oracle_basin_composer,drawer_to_pick_transfer,combined_seam_stress,0.785714,0.075614,0.066517,0.817570,0.817530,0.043450,0.209240,0.049274,0.044793,0.002279,0.001959,0.009060,0.008199,0.002096,0.001973,0.002692,7
oracle_basin_composer,drawer_to_pick_transfer,contact_mode_transition,0.827381,0.066479,0.062592,0.838366,0.820608,0.037241,0.201937,0.044427,0.027772,0.002882,0.005168,0.007232,0.007791,0.001474,0.001046,0.002511,7
oracle_basin_composer,drawer_to_pick_transfer,dynamics_mismatch,0.791667,0.068803,0.060957,0.833354,0.821763,0.038695,0.206517,0.046838,0.049344,0.001700,0.001916,0.006720,0.006776,0.001962,0.003970,0.003006,7
oracle_basin_composer,drawer_to_pick_transfer,high_barrier,0.817460,0.068535,0.062241,0.838879,0.838210,0.037050,0.202801,0.043204,0.020942,0.003823,0.004350,0.005906,0.005015,0.001200,0.003195,0.003007,7
oracle_basin_composer,drawer_to_pick_transfer,narrow_basin,0.825397,0.066465,0.059545,0.843065,0.829391,0.038330,0.201004,0.045559,0.025103,0.003460,0.002093,0.007176,0.005760,0.001425,0.001807,0.003361,7
oracle_basin_composer,drawer_to_pick_transfer,nominal,0.880952,0.060528,0.055283,0.852397,0.846606,0.033453,0.193292,0.040229,0.027772,0.003529,0.002124,0.006325,0.009812,0.002991,0.004367,0.002699,7
oracle_basin_composer,drawer_to_pick_transfer,nonconvex_energy,0.801587,0.065163,0.062067,0.833143,0.819410,0.038857,0.202953,0.044814,0.062222,0.005533,0.004763,0.012905,0.011492,0.002426,0.003222,0.003963,7
oracle_basin_composer,drawer_to_pick_transfer,partial_observability,0.787698,0.067445,0.060726,0.840764,0.829124,0.036242,0.198981,0.044357,0.024286,0.003080,0.004424,0.006596,0.007048,0.001725,0.003225,0.002448,7
oracle_basin_composer,mobile_push_then_grasp,combined_seam_stress,0.781746,0.072856,0.068319,0.818336,0.820099,0.042429,0.209340,0.047654,0.051690,0.001414,0.002764,0.006181,0.003757,0.001691,0.003200,0.002041,7
oracle_basin_composer,mobile_push_then_grasp,contact_mode_transition,0.813492,0.066124,0.063431,0.833935,0.823720,0.040561,0.202399,0.046655,0.044793,0.003277,0.002045,0.006631,0.006237,0.001371,0.001548,0.003687,7
oracle_basin_composer,mobile_push_then_grasp,dynamics_mismatch,0.805556,0.068083,0.066339,0.832338,0.822171,0.040672,0.204974,0.049548,0.026566,0.001105,0.003627,0.007601,0.009415,0.001183,0.001853,0.000991,7
oracle_basin_composer,mobile_push_then_grasp,high_barrier,0.843254,0.067925,0.061240,0.838963,0.828317,0.038337,0.201408,0.044451,0.032381,0.003961,0.002750,0.007763,0.007127,0.002482,0.003256,0.003707,7
oracle_basin_composer,mobile_push_then_grasp,narrow_basin,0.813492,0.063760,0.061428,0.836834,0.827749,0.038118,0.200576,0.045935,0.016651,0.003237,0.003188,0.003033,0.011468,0.001483,0.003113,0.003499,7
oracle_basin_composer,mobile_push_then_grasp,nominal,0.835317,0.062245,0.057704,0.837887,0.841613,0.033909,0.194903,0.044953,0.036343,0.003532,0.002441,0.005769,0.009955,0.001861,0.003235,0.003422,7
oracle_basin_composer,mobile_push_then_grasp,nonconvex_energy,0.815476,0.066396,0.064640,0.833941,0.826022,0.041255,0.203689,0.046717,0.032922,0.004194,0.004380,0.005092,0.004319,0.001462,0.002439,0.003510,7
oracle_basin_composer,mobile_push_then_grasp,partial_observability,0.815476,0.066310,0.061283,0.834008,0.825382,0.040146,0.201134,0.043211,0.030123,0.005663,0.003487,0.007670,0.005250,0.002303,0.002730,0.003128,7
oracle_basin_composer,peg_place_regrasp,combined_seam_stress,0.789683,0.076472,0.065922,0.828243,0.821152,0.041665,0.207858,0.048003,0.051249,0.003346,0.004533,0.005030,0.006968,0.001284,0.002292,0.002939,7
oracle_basin_composer,peg_place_regrasp,contact_mode_transition,0.845238,0.071363,0.061262,0.831573,0.837481,0.036437,0.206751,0.046092,0.035854,0.004359,0.003052,0.006468,0.007982,0.001125,0.003614,0.003434,7
oracle_basin_composer,peg_place_regrasp,dynamics_mismatch,0.841270,0.070997,0.062221,0.832342,0.825244,0.038240,0.205711,0.045991,0.025103,0.003996,0.003686,0.007794,0.005386,0.001075,0.002975,0.003651,7
oracle_basin_composer,peg_place_regrasp,high_barrier,0.827381,0.067135,0.063010,0.844003,0.823922,0.037609,0.203643,0.044607,0.045959,0.003359,0.004027,0.009699,0.009697,0.001349,0.003005,0.003475,7
oracle_basin_composer,peg_place_regrasp,narrow_basin,0.845238,0.063405,0.058918,0.842907,0.835892,0.038674,0.201061,0.045372,0.030539,0.003644,0.004591,0.004774,0.008961,0.000874,0.003753,0.003440,7
oracle_basin_composer,peg_place_regrasp,nominal,0.865079,0.056511,0.051085,0.853606,0.841213,0.035070,0.193673,0.042846,0.034492,0.003794,0.003373,0.004367,0.005254,0.002165,0.002275,0.003402,7
oracle_basin_composer,peg_place_regrasp,nonconvex_energy,0.825397,0.065012,0.060587,0.842021,0.829405,0.036998,0.203523,0.046686,0.045185,0.002005,0.005072,0.006416,0.007964,0.003491,0.003034,0.001437,7
oracle_basin_composer,peg_place_regrasp,partial_observability,0.843254,0.068055,0.054750,0.837535,0.832074,0.036295,0.199799,0.043080,0.032922,0.006112,0.004689,0.005203,0.008327,0.001196,0.003963,0.001657,7
oracle_basin_composer,tool_use_handover,combined_seam_stress,0.819444,0.075051,0.068093,0.814452,0.814107,0.043297,0.212370,0.055103,0.033604,0.003786,0.003073,0.011257,0.008420,0.002356,0.002858,0.002807,7
oracle_basin_composer,tool_use_handover,contact_mode_transition,0.797619,0.068980,0.065916,0.832131,0.817819,0.038510,0.205715,0.047975,0.031911,0.004367,0.002305,0.003835,0.007401,0.001141,0.001803,0.003408,7
oracle_basin_composer,tool_use_handover,dynamics_mismatch,0.803571,0.071237,0.066740,0.827445,0.818397,0.039699,0.204519,0.048379,0.035358,0.003758,0.003947,0.005978,0.004434,0.002499,0.003570,0.002345,7
oracle_basin_composer,tool_use_handover,high_barrier,0.807540,0.068482,0.065496,0.839919,0.827060,0.040513,0.203152,0.044126,0.026184,0.002589,0.004801,0.006872,0.005425,0.001597,0.004011,0.002995,7
oracle_basin_composer,tool_use_handover,narrow_basin,0.829365,0.065221,0.063486,0.825392,0.832743,0.039809,0.200946,0.047633,0.025002,0.003407,0.003083,0.005682,0.006528,0.002116,0.003228,0.002644,7
oracle_basin_composer,tool_use_handover,nominal,0.880952,0.062363,0.055092,0.851553,0.840024,0.034466,0.194285,0.043930,0.030785,0.005233,0.002397,0.004919,0.007824,0.002243,0.002643,0.002280,7
oracle_basin_composer,tool_use_handover,nonconvex_energy,0.787698,0.069068,0.065497,0.840063,0.820683,0.038461,0.203190,0.045340,0.025698,0.003064,0.004374,0.005320,0.003808,0.002656,0.002360,0.002834,7
oracle_basin_composer,tool_use_handover,partial_observability,0.791667,0.068193,0.057425,0.833588,0.824124,0.039139,0.200023,0.045888,0.037570,0.003507,0.004111,0.002770,0.007440,0.001273,0.002200,0.001195,7
proposed_energy_landscape_composer,cable_route_insert,combined_seam_stress,0.674603,0.144954,0.136807,0.680339,0.672933,0.069376,0.257125,0.080705,0.056934,0.003623,0.002364,0.009839,0.006393,0.001321,0.004058,0.002940,7
proposed_energy_landscape_composer,cable_route_insert,contact_mode_transition,0.738095,0.135286,0.127509,0.700171,0.684360,0.064368,0.246483,0.076740,0.047682,0.003353,0.003843,0.004699,0.009960,0.002124,0.002858,0.004398,7
proposed_energy_landscape_composer,cable_route_insert,dynamics_mismatch,0.732143,0.137048,0.127571,0.694951,0.684154,0.063043,0.245507,0.077434,0.054675,0.002248,0.004248,0.010070,0.006811,0.002003,0.002915,0.001017,7
proposed_energy_landscape_composer,cable_route_insert,high_barrier,0.730159,0.131053,0.122984,0.703411,0.683715,0.062404,0.244973,0.076838,0.057550,0.002931,0.003700,0.004531,0.009091,0.003391,0.001903,0.002761,7
proposed_energy_landscape_composer,cable_route_insert,narrow_basin,0.716270,0.129567,0.114053,0.706657,0.698666,0.060013,0.242341,0.073574,0.042778,0.003368,0.004991,0.003741,0.007104,0.002630,0.002490,0.003977,7
proposed_energy_landscape_composer,cable_route_insert,nominal,0.765873,0.112480,0.104380,0.725676,0.708907,0.053581,0.235206,0.069653,0.047310,0.002959,0.003869,0.008134,0.004184,0.002900,0.003036,0.003635,7
proposed_energy_landscape_composer,cable_route_insert,nonconvex_energy,0.724206,0.130008,0.124776,0.699239,0.686096,0.063090,0.246040,0.074330,0.045407,0.002733,0.003728,0.011289,0.008887,0.001629,0.003630,0.005366,7
proposed_energy_landscape_composer,cable_route_insert,partial_observability,0.712302,0.128733,0.124430,0.696285,0.681989,0.060582,0.243592,0.078897,0.028928,0.002850,0.003853,0.008733,0.012581,0.001203,0.002263,0.003491,7
proposed_energy_landscape_composer,door_open_navigation,combined_seam_stress,0.704365,0.144409,0.135484,0.679603,0.671281,0.067427,0.257807,0.081242,0.032381,0.002260,0.003189,0.010466,0.007734,0.002558,0.002690,0.002356,7
proposed_energy_landscape_composer,door_open_navigation,contact_mode_transition,0.726190,0.132638,0.122195,0.697275,0.684718,0.062406,0.248728,0.075176,0.054675,0.005403,0.004212,0.004502,0.004013,0.002040,0.001896,0.003838,7
proposed_energy_landscape_composer,door_open_navigation,dynamics_mismatch,0.730159,0.132260,0.124911,0.694857,0.684433,0.062229,0.247183,0.077724,0.031911,0.002715,0.002235,0.003587,0.008414,0.002179,0.003669,0.003974,7
proposed_energy_landscape_composer,door_open_navigation,high_barrier,0.744048,0.129323,0.121697,0.708028,0.696706,0.060142,0.244004,0.074424,0.050705,0.003673,0.003205,0.007665,0.006157,0.001551,0.001455,0.003826,7
proposed_energy_landscape_composer,door_open_navigation,narrow_basin,0.720238,0.122391,0.118200,0.709404,0.701019,0.060448,0.238387,0.076127,0.037301,0.005137,0.004233,0.004484,0.009353,0.001849,0.003689,0.003072,7
proposed_energy_landscape_composer,door_open_navigation,nominal,0.783730,0.107849,0.106506,0.735317,0.717565,0.051246,0.234674,0.068906,0.029015,0.005443,0.004611,0.005451,0.004080,0.002472,0.002543,0.003334,7
proposed_energy_landscape_composer,door_open_navigation,nonconvex_energy,0.724206,0.131986,0.120331,0.706288,0.692904,0.060034,0.246646,0.076367,0.021769,0.002845,0.004869,0.008814,0.002333,0.003194,0.002402,0.002983,7
proposed_energy_landscape_composer,door_open_navigation,partial_observability,0.742063,0.127055,0.121539,0.709098,0.699372,0.061710,0.244178,0.074378,0.018650,0.003003,0.004253,0.005396,0.006588,0.001930,0.002935,0.001935,7
proposed_energy_landscape_composer,drawer_to_pick_transfer,combined_seam_stress,0.700397,0.141435,0.139057,0.686158,0.671337,0.067315,0.257427,0.078415,0.038433,0.002762,0.003536,0.008366,0.007278,0.003434,0.003716,0.003196,7
proposed_energy_landscape_composer,drawer_to_pick_transfer,contact_mode_transition,0.716270,0.130157,0.120466,0.699900,0.688951,0.061164,0.246949,0.074740,0.052416,0.003634,0.004075,0.007501,0.007945,0.001606,0.001474,0.004196,7
proposed_energy_landscape_composer,drawer_to_pick_transfer,dynamics_mismatch,0.720238,0.133973,0.121210,0.696731,0.684942,0.064039,0.247987,0.076213,0.040477,0.002969,0.003229,0.007714,0.007996,0.002171,0.002842,0.003628,7
proposed_energy_landscape_composer,drawer_to_pick_transfer,high_barrier,0.757937,0.124567,0.120213,0.705359,0.687517,0.060141,0.245850,0.076096,0.047097,0.003472,0.001327,0.008077,0.008426,0.002228,0.002512,0.002945,7
proposed_energy_landscape_composer,drawer_to_pick_transfer,narrow_basin,0.734127,0.125932,0.118401,0.704505,0.701450,0.057959,0.241702,0.075370,0.043421,0.003096,0.002578,0.005174,0.003282,0.001794,0.002535,0.003024,7
proposed_energy_landscape_composer,drawer_to_pick_transfer,nominal,0.805556,0.107303,0.101293,0.732298,0.718317,0.052912,0.234956,0.068679,0.055408,0.004450,0.004557,0.007252,0.004139,0.002687,0.003534,0.001853,7
proposed_energy_landscape_composer,drawer_to_pick_transfer,nonconvex_energy,0.696429,0.128097,0.124579,0.701496,0.690843,0.060984,0.244331,0.074885,0.071391,0.002413,0.003305,0.010103,0.006423,0.001796,0.002925,0.003176,7
proposed_energy_landscape_composer,drawer_to_pick_transfer,partial_observability,0.724206,0.128405,0.117828,0.700334,0.692699,0.058883,0.244037,0.075330,0.037771,0.005946,0.002568,0.007180,0.004552,0.001646,0.003740,0.002204,7
proposed_energy_landscape_composer,mobile_push_then_grasp,combined_seam_stress,0.650794,0.148301,0.135967,0.684378,0.672328,0.067301,0.257281,0.081773,0.060995,0.004007,0.003245,0.005045,0.010579,0.001427,0.001984,0.001411,7
proposed_energy_landscape_composer,mobile_push_then_grasp,contact_mode_transition,0.710317,0.132253,0.125499,0.699539,0.687796,0.062145,0.247544,0.077929,0.060121,0.003771,0.003158,0.005524,0.005688,0.002019,0.002997,0.003150,7
proposed_energy_landscape_composer,mobile_push_then_grasp,dynamics_mismatch,0.726190,0.133667,0.127172,0.692341,0.683639,0.062761,0.249834,0.078728,0.014200,0.003502,0.003765,0.004620,0.008438,0.002843,0.002624,0.003119,7
proposed_energy_landscape_composer,mobile_push_then_grasp,high_barrier,0.672619,0.132838,0.120803,0.705351,0.695293,0.059559,0.246310,0.076249,0.029617,0.004698,0.004834,0.007854,0.005093,0.001998,0.003007,0.003182,7
proposed_energy_landscape_composer,mobile_push_then_grasp,narrow_basin,0.753968,0.122567,0.117592,0.712761,0.701040,0.058849,0.242805,0.073414,0.036481,0.004287,0.002191,0.008289,0.005367,0.002206,0.004261,0.001820,7
proposed_energy_landscape_composer,mobile_push_then_grasp,nominal,0.787698,0.111193,0.102584,0.722816,0.710913,0.052451,0.232525,0.070656,0.049599,0.004893,0.003081,0.007466,0.006161,0.003009,0.001619,0.003541,7
proposed_energy_landscape_composer,mobile_push_then_grasp,nonconvex_energy,0.724206,0.128375,0.123858,0.698901,0.690602,0.060393,0.244465,0.074899,0.037301,0.004506,0.003580,0.009877,0.008201,0.002552,0.001787,0.002558,7
proposed_energy_landscape_composer,mobile_push_then_grasp,partial_observability,0.704365,0.127755,0.119082,0.701735,0.696161,0.059771,0.247121,0.074005,0.052704,0.003557,0.003689,0.004545,0.006283,0.001273,0.003512,0.002563,7
proposed_energy_landscape_composer,peg_place_regrasp,combined_seam_stress,0.690476,0.143240,0.135643,0.686847,0.671210,0.066874,0.258116,0.079415,0.027681,0.002292,0.003178,0.004612,0.007412,0.001772,0.002233,0.001674,7
proposed_energy_landscape_composer,peg_place_regrasp,contact_mode_transition,0.694444,0.130314,0.121251,0.702272,0.692644,0.060530,0.246847,0.076135,0.059106,0.001767,0.002762,0.006405,0.006914,0.002787,0.003126,0.003002,7
proposed_energy_landscape_composer,peg_place_regrasp,dynamics_mismatch,0.736111,0.135330,0.124648,0.697346,0.688320,0.063392,0.247269,0.076024,0.027863,0.003595,0.003215,0.003789,0.006719,0.001994,0.002178,0.002742,7
proposed_energy_landscape_composer,peg_place_regrasp,high_barrier,0.724206,0.124275,0.120832,0.708066,0.694559,0.059194,0.245106,0.072048,0.044226,0.001907,0.004816,0.006433,0.011189,0.002884,0.002186,0.002917,7
proposed_energy_landscape_composer,peg_place_regrasp,narrow_basin,0.720238,0.124185,0.116689,0.712068,0.695781,0.057093,0.241460,0.075828,0.057111,0.003586,0.005834,0.011929,0.008564,0.003422,0.002847,0.004784,7
proposed_energy_landscape_composer,peg_place_regrasp,nominal,0.773810,0.105724,0.103438,0.733528,0.721048,0.051632,0.232530,0.069970,0.036481,0.003991,0.003331,0.007692,0.004738,0.003077,0.002149,0.001880,7
proposed_energy_landscape_composer,peg_place_regrasp,nonconvex_energy,0.742063,0.128094,0.122723,0.707973,0.695473,0.063117,0.247379,0.073740,0.040663,0.003985,0.004025,0.007400,0.005219,0.001465,0.003426,0.002726,7
proposed_energy_landscape_composer,peg_place_regrasp,partial_observability,0.740079,0.125851,0.119420,0.706002,0.691845,0.058858,0.244643,0.074764,0.044340,0.003275,0.003728,0.007055,0.009742,0.002683,0.004958,0.005158,7
proposed_energy_landscape_composer,tool_use_handover,combined_seam_stress,0.654762,0.142811,0.136744,0.683177,0.666323,0.067891,0.258724,0.078629,0.026849,0.004381,0.001637,0.010769,0.005589,0.002248,0.001759,0.003743,7
proposed_energy_landscape_composer,tool_use_handover,contact_mode_transition,0.696429,0.131922,0.123231,0.697304,0.684513,0.059586,0.245894,0.076850,0.048416,0.003838,0.001909,0.004247,0.007027,0.002534,0.001890,0.003271,7
proposed_energy_landscape_composer,tool_use_handover,dynamics_mismatch,0.700397,0.137695,0.121215,0.690307,0.686080,0.061776,0.248890,0.078440,0.040227,0.002753,0.002215,0.010902,0.005904,0.002464,0.004190,0.003965,7
proposed_energy_landscape_composer,tool_use_handover,high_barrier,0.708333,0.130097,0.117016,0.706949,0.698730,0.059909,0.245734,0.071749,0.044454,0.002029,0.004293,0.009613,0.005666,0.001965,0.002064,0.003564,7
proposed_energy_landscape_composer,tool_use_handover,narrow_basin,0.751984,0.125247,0.115878,0.706089,0.687755,0.058752,0.244230,0.074465,0.045794,0.003837,0.002489,0.012893,0.007820,0.001913,0.003629,0.004558,7
proposed_energy_landscape_composer,tool_use_handover,nominal,0.759921,0.111192,0.105370,0.723280,0.710510,0.053336,0.230943,0.071662,0.027681,0.004077,0.002086,0.009358,0.011388,0.002849,0.002568,0.004148,7
proposed_energy_landscape_composer,tool_use_handover,nonconvex_energy,0.708333,0.129148,0.123976,0.706716,0.688852,0.063112,0.244841,0.077312,0.047523,0.003617,0.003501,0.006743,0.009228,0.003455,0.004277,0.002645,7
proposed_energy_landscape_composer,tool_use_handover,partial_observability,0.726190,0.132313,0.123195,0.696270,0.681910,0.060365,0.242794,0.076085,0.048883,0.004460,0.004094,0.008891,0.005945,0.001885,0.002583,0.002991,7
residual_rl_composer,cable_route_insert,combined_seam_stress,0.503968,0.275956,0.266787,0.415184,0.404125,0.099726,0.337431,0.140688,0.054352,0.004069,0.004498,0.005244,0.006388,0.002315,0.002459,0.001837,7
residual_rl_composer,cable_route_insert,contact_mode_transition,0.537698,0.251190,0.243721,0.442924,0.429162,0.093458,0.317712,0.134158,0.064451,0.004366,0.003620,0.004379,0.005115,0.002684,0.001981,0.003279,7
residual_rl_composer,cable_route_insert,dynamics_mismatch,0.581349,0.253492,0.248047,0.433264,0.426679,0.094693,0.321594,0.138645,0.028753,0.003145,0.002029,0.008057,0.007941,0.002595,0.003348,0.002835,7
residual_rl_composer,cable_route_insert,high_barrier,0.571429,0.246289,0.237275,0.448727,0.432696,0.089847,0.314391,0.134766,0.028133,0.001591,0.003559,0.007589,0.007480,0.002460,0.003178,0.003999,7
residual_rl_composer,cable_route_insert,narrow_basin,0.636905,0.237855,0.230162,0.456597,0.440101,0.089389,0.310773,0.129669,0.015062,0.004021,0.002867,0.005619,0.008183,0.001649,0.002086,0.002232,7
residual_rl_composer,cable_route_insert,nominal,0.668651,0.214003,0.205240,0.484354,0.467247,0.080655,0.295923,0.122148,0.040039,0.003436,0.005727,0.006609,0.010470,0.001331,0.003780,0.002621,7
residual_rl_composer,cable_route_insert,nonconvex_energy,0.583333,0.247371,0.239591,0.443820,0.432967,0.093219,0.318054,0.133505,0.042005,0.002863,0.003688,0.005638,0.008580,0.000775,0.003221,0.003305,7
residual_rl_composer,cable_route_insert,partial_observability,0.589286,0.246219,0.237482,0.451806,0.431095,0.089703,0.318380,0.131210,0.037971,0.002562,0.004135,0.006388,0.008378,0.003605,0.003065,0.001523,7
residual_rl_composer,door_open_navigation,combined_seam_stress,0.498016,0.273063,0.260020,0.413524,0.401787,0.101897,0.336828,0.139993,0.050903,0.002850,0.003745,0.007575,0.011444,0.002404,0.002913,0.003080,7
residual_rl_composer,door_open_navigation,contact_mode_transition,0.559524,0.252919,0.241994,0.442662,0.428778,0.092972,0.319463,0.134508,0.049599,0.003236,0.004331,0.009051,0.003652,0.001135,0.002477,0.003528,7
residual_rl_composer,door_open_navigation,dynamics_mismatch,0.547619,0.254478,0.245759,0.439618,0.422509,0.094698,0.321122,0.131923,0.037503,0.002747,0.002849,0.005957,0.007962,0.001786,0.002706,0.003960,7
residual_rl_composer,door_open_navigation,high_barrier,0.577381,0.241953,0.233838,0.450446,0.438428,0.087706,0.316255,0.132466,0.030207,0.006147,0.003518,0.008268,0.003004,0.001674,0.003359,0.001959,7
residual_rl_composer,door_open_navigation,narrow_basin,0.611111,0.237507,0.229223,0.452903,0.441153,0.085694,0.311229,0.131384,0.055089,0.005314,0.005249,0.007992,0.007880,0.003027,0.003801,0.001861,7
residual_rl_composer,door_open_navigation,nominal,0.630952,0.209709,0.202957,0.491851,0.471892,0.077771,0.296996,0.122957,0.038889,0.002407,0.004435,0.004323,0.007404,0.002756,0.003098,0.004232,7
residual_rl_composer,door_open_navigation,nonconvex_energy,0.569444,0.246646,0.232275,0.452754,0.428383,0.090820,0.314404,0.132359,0.044849,0.005062,0.002218,0.007543,0.008756,0.002634,0.004650,0.002592,7
residual_rl_composer,door_open_navigation,partial_observability,0.579365,0.244335,0.236755,0.453634,0.438870,0.089671,0.313933,0.133547,0.041461,0.002635,0.002212,0.004158,0.009555,0.001633,0.003142,0.002373,7
residual_rl_composer,drawer_to_pick_transfer,combined_seam_stress,0.498016,0.271443,0.260708,0.413747,0.405152,0.099869,0.335486,0.142798,0.056176,0.003340,0.005476,0.003866,0.009067,0.002148,0.002721,0.002588,7
residual_rl_composer,drawer_to_pick_transfer,contact_mode_transition,0.585317,0.249881,0.239376,0.442066,0.432436,0.091125,0.320700,0.134319,0.021769,0.005029,0.005456,0.004270,0.006977,0.002855,0.003586,0.002959,7
residual_rl_composer,drawer_to_pick_transfer,dynamics_mismatch,0.535714,0.250208,0.244306,0.434104,0.429578,0.095184,0.323886,0.139545,0.048208,0.004966,0.004186,0.009745,0.011244,0.002097,0.001090,0.002393,7
residual_rl_composer,drawer_to_pick_transfer,high_barrier,0.609127,0.243173,0.231510,0.456331,0.438478,0.088403,0.316407,0.130000,0.066529,0.003666,0.003208,0.009738,0.008734,0.002258,0.001881,0.002820,7
residual_rl_composer,drawer_to_pick_transfer,narrow_basin,0.623016,0.238299,0.230602,0.457900,0.441784,0.085993,0.311309,0.131277,0.061857,0.002771,0.003541,0.010062,0.006525,0.001754,0.004436,0.003344,7
residual_rl_composer,drawer_to_pick_transfer,nominal,0.672619,0.210682,0.201233,0.493244,0.468803,0.076994,0.292995,0.121422,0.025796,0.002375,0.002608,0.015041,0.009837,0.003115,0.001886,0.003161,7
residual_rl_composer,drawer_to_pick_transfer,nonconvex_energy,0.567460,0.243902,0.234551,0.445585,0.432222,0.089989,0.319764,0.132707,0.062424,0.004811,0.002820,0.007306,0.005660,0.003375,0.003790,0.003228,7
residual_rl_composer,drawer_to_pick_transfer,partial_observability,0.575397,0.243946,0.235460,0.443889,0.438376,0.090312,0.317777,0.133308,0.043998,0.004360,0.005056,0.003683,0.003790,0.003247,0.002103,0.004155,7
residual_rl_composer,mobile_push_then_grasp,combined_seam_stress,0.490079,0.273868,0.267731,0.413619,0.405025,0.102945,0.338299,0.142390,0.044340,0.001975,0.002541,0.007832,0.006878,0.003242,0.002572,0.001690,7
residual_rl_composer,mobile_push_then_grasp,contact_mode_transition,0.559524,0.251447,0.241545,0.446972,0.428514,0.092612,0.319926,0.133724,0.021999,0.003583,0.003587,0.011734,0.008351,0.002477,0.004224,0.003083,7
residual_rl_composer,mobile_push_then_grasp,dynamics_mismatch,0.547619,0.249850,0.245289,0.446266,0.416691,0.093422,0.319379,0.133510,0.041945,0.002550,0.003691,0.004057,0.002723,0.001858,0.001918,0.002856,7
residual_rl_composer,mobile_push_then_grasp,high_barrier,0.593254,0.241115,0.231222,0.449084,0.431823,0.090001,0.315037,0.131215,0.051690,0.003030,0.003394,0.005033,0.008818,0.001750,0.003862,0.002086,7
residual_rl_composer,mobile_push_then_grasp,narrow_basin,0.623016,0.240434,0.226198,0.455230,0.436741,0.088245,0.312255,0.131923,0.053933,0.004719,0.004181,0.005858,0.006967,0.002041,0.004201,0.000917,7
residual_rl_composer,mobile_push_then_grasp,nominal,0.619048,0.210918,0.205851,0.479775,0.468183,0.079404,0.295614,0.123544,0.052751,0.003013,0.002783,0.005171,0.008710,0.003336,0.001594,0.002310,7
residual_rl_composer,mobile_push_then_grasp,nonconvex_energy,0.563492,0.245092,0.235110,0.442312,0.440334,0.089150,0.316870,0.133991,0.038433,0.003311,0.004052,0.007872,0.005917,0.001897,0.003851,0.003250,7
residual_rl_composer,mobile_push_then_grasp,partial_observability,0.583333,0.245064,0.235060,0.449419,0.436526,0.090297,0.317103,0.131538,0.031990,0.002654,0.005185,0.006270,0.010957,0.001659,0.002467,0.002888,7
residual_rl_composer,peg_place_regrasp,combined_seam_stress,0.523810,0.273413,0.263034,0.423673,0.399792,0.099038,0.335609,0.141921,0.029532,0.003979,0.002383,0.008838,0.006464,0.002333,0.002832,0.002445,7
residual_rl_composer,peg_place_regrasp,contact_mode_transition,0.553571,0.248628,0.233709,0.443396,0.426873,0.092050,0.321908,0.130406,0.057111,0.001661,0.004995,0.009334,0.008522,0.001895,0.003854,0.003739,7
residual_rl_composer,peg_place_regrasp,dynamics_mismatch,0.567460,0.251351,0.239297,0.448247,0.424548,0.093170,0.324308,0.132102,0.048779,0.004800,0.004801,0.009721,0.006680,0.002542,0.002594,0.002440,7
residual_rl_composer,peg_place_regrasp,high_barrier,0.617063,0.240320,0.233762,0.451319,0.436966,0.087497,0.312478,0.132616,0.055363,0.003551,0.003233,0.012846,0.008244,0.002721,0.002618,0.003862,7
residual_rl_composer,peg_place_regrasp,narrow_basin,0.615079,0.230635,0.225470,0.456580,0.442979,0.085879,0.311117,0.133334,0.039276,0.003973,0.003763,0.005515,0.001859,0.001485,0.003182,0.003980,7
residual_rl_composer,peg_place_regrasp,nominal,0.660714,0.211525,0.205250,0.494927,0.471440,0.078577,0.296229,0.118550,0.044793,0.002581,0.002203,0.008537,0.006957,0.001816,0.002897,0.003482,7
residual_rl_composer,peg_place_regrasp,nonconvex_energy,0.605159,0.244705,0.234367,0.447350,0.438324,0.089356,0.318081,0.132995,0.025796,0.002953,0.003010,0.004862,0.004703,0.001031,0.002944,0.003526,7
residual_rl_composer,peg_place_regrasp,partial_observability,0.573413,0.243598,0.233610,0.453802,0.440059,0.090226,0.316770,0.133114,0.032381,0.004474,0.003825,0.002729,0.006796,0.001764,0.003653,0.002287,7
residual_rl_composer,tool_use_handover,combined_seam_stress,0.505952,0.273861,0.266417,0.407273,0.390864,0.101799,0.336817,0.144376,0.037503,0.004669,0.003737,0.007467,0.006235,0.001865,0.002690,0.002392,7
residual_rl_composer,tool_use_handover,contact_mode_transition,0.583333,0.250259,0.244686,0.438715,0.424942,0.093392,0.321195,0.138503,0.051787,0.003638,0.002330,0.004537,0.006352,0.001129,0.003300,0.003239,7
residual_rl_composer,tool_use_handover,dynamics_mismatch,0.496032,0.255038,0.244975,0.439859,0.422625,0.094436,0.321330,0.131999,0.035000,0.004360,0.004674,0.004220,0.009768,0.001268,0.002537,0.004426,7
residual_rl_composer,tool_use_handover,high_barrier,0.563492,0.242497,0.232292,0.448340,0.430761,0.090749,0.314766,0.134980,0.048208,0.002282,0.004441,0.008397,0.008699,0.002763,0.003342,0.001861,7
residual_rl_composer,tool_use_handover,narrow_basin,0.589286,0.239844,0.227885,0.450759,0.435660,0.088954,0.312675,0.131787,0.039786,0.005069,0.004707,0.007521,0.005264,0.001499,0.003010,0.003175,7
residual_rl_composer,tool_use_handover,nominal,0.617063,0.215369,0.205741,0.490314,0.472370,0.077252,0.292107,0.124306,0.044397,0.003412,0.003461,0.005520,0.007003,0.001618,0.001754,0.003372,7
residual_rl_composer,tool_use_handover,nonconvex_energy,0.567460,0.246514,0.237121,0.446063,0.431100,0.090099,0.316790,0.135777,0.035854,0.003555,0.001885,0.007418,0.011300,0.001574,0.001934,0.004713,7
residual_rl_composer,tool_use_handover,partial_observability,0.571429,0.244123,0.234799,0.450608,0.433975,0.090965,0.317447,0.132235,0.048779,0.003611,0.005635,0.007352,0.006567,0.001718,0.002856,0.003950,7
