method,split,seed,mean_success_rate,mean_seam_failure_rate,mean_barrier_violation_rate,mean_basin_alignment,mean_descent_continuity,mean_damage_rate,mean_composition_cost,mean_energy_model_error,ci95_success_rate,ci95_seam_failure_rate,ci95_barrier_violation_rate,ci95_basin_alignment,ci95_descent_continuity,ci95_damage_rate,ci95_composition_cost,ci95_energy_model_error,groups
behavior_cloned_skill_chain,combined_stress,0,0.404514,0.368051,0.338245,0.273931,0.258573,0.123652,0.110149,0.174802,0.024432,0.006207,0.006306,0.006342,0.006936,0.002704,0.001545,0.002033,48
behavior_cloned_skill_chain,combined_stress,1,0.399884,0.366440,0.338083,0.278496,0.260936,0.123204,0.109892,0.173403,0.020616,0.006689,0.005797,0.006178,0.006687,0.002670,0.001575,0.001643,48
behavior_cloned_skill_chain,combined_stress,2,0.393808,0.366059,0.339069,0.274424,0.258251,0.122535,0.110329,0.174479,0.018187,0.006762,0.006407,0.005908,0.006835,0.002586,0.001381,0.001740,48
behavior_cloned_skill_chain,combined_stress,3,0.376736,0.366217,0.337854,0.274655,0.259194,0.121887,0.110070,0.174232,0.021849,0.006907,0.006583,0.006627,0.006008,0.002650,0.001624,0.002145,48
behavior_cloned_skill_chain,combined_stress,4,0.377604,0.366805,0.339193,0.277135,0.261495,0.122721,0.110387,0.173921,0.026546,0.006728,0.006518,0.006337,0.006725,0.002579,0.001807,0.002130,48
behavior_cloned_skill_chain,combined_stress,5,0.380787,0.366761,0.337623,0.275821,0.261504,0.122913,0.109762,0.173672,0.023628,0.007005,0.006936,0.006522,0.006089,0.002597,0.001464,0.002422,48
behavior_cloned_skill_chain,combined_stress,6,0.406539,0.367924,0.338488,0.277651,0.258855,0.123636,0.111428,0.173937,0.018407,0.006822,0.006569,0.006483,0.005908,0.002781,0.001518,0.002193,48
behavior_cloned_skill_chain,in_distribution,0,0.525174,0.316098,0.291351,0.325494,0.307305,0.112036,0.102464,0.160020,0.020241,0.006711,0.006168,0.006287,0.006458,0.002739,0.001526,0.001960,48
behavior_cloned_skill_chain,in_distribution,1,0.506655,0.315660,0.292378,0.327885,0.304847,0.111007,0.103391,0.159902,0.022622,0.006241,0.006770,0.005796,0.006224,0.002739,0.001340,0.002151,48
behavior_cloned_skill_chain,in_distribution,2,0.539063,0.315435,0.291287,0.328004,0.308433,0.111992,0.103408,0.160801,0.019964,0.006644,0.006436,0.005896,0.005874,0.002916,0.001491,0.002203,48
behavior_cloned_skill_chain,in_distribution,3,0.514468,0.314877,0.292318,0.326126,0.307658,0.111762,0.102495,0.159482,0.026698,0.007020,0.006576,0.006370,0.005862,0.002702,0.001464,0.002005,48
behavior_cloned_skill_chain,in_distribution,4,0.528935,0.315961,0.290861,0.325450,0.308115,0.111599,0.103056,0.160733,0.019768,0.006426,0.006406,0.006349,0.005597,0.002859,0.001542,0.002385,48
behavior_cloned_skill_chain,in_distribution,5,0.521701,0.316436,0.290408,0.325277,0.303835,0.111776,0.102589,0.160607,0.022225,0.006872,0.006306,0.005931,0.005917,0.002718,0.001609,0.002149,48
behavior_cloned_skill_chain,in_distribution,6,0.512731,0.317367,0.292614,0.323083,0.303673,0.111710,0.103710,0.160079,0.020899,0.006994,0.006072,0.006599,0.005924,0.002702,0.001434,0.002164,48
behavior_cloned_skill_chain,long_horizon_chain,0,0.420718,0.337123,0.311315,0.303595,0.287041,0.116075,0.106147,0.167370,0.023280,0.006670,0.006507,0.006267,0.006543,0.002676,0.001198,0.002037,48
behavior_cloned_skill_chain,long_horizon_chain,1,0.425058,0.337385,0.311280,0.305742,0.289277,0.116352,0.106267,0.166743,0.022821,0.006586,0.006255,0.005932,0.007049,0.002876,0.001324,0.001885,48
behavior_cloned_skill_chain,long_horizon_chain,2,0.421007,0.337151,0.311568,0.306541,0.287155,0.116461,0.106659,0.165065,0.019873,0.007075,0.006238,0.006727,0.006694,0.002759,0.001672,0.002099,48
behavior_cloned_skill_chain,long_horizon_chain,3,0.425347,0.336731,0.312089,0.307130,0.287887,0.116576,0.106230,0.166205,0.021454,0.006897,0.006296,0.006245,0.006331,0.002833,0.001407,0.001768,48
behavior_cloned_skill_chain,long_horizon_chain,4,0.437789,0.336649,0.311771,0.304797,0.286984,0.116585,0.106694,0.166774,0.019385,0.006615,0.006457,0.006246,0.005649,0.002883,0.001632,0.002107,48
behavior_cloned_skill_chain,long_horizon_chain,5,0.421007,0.337453,0.310476,0.305866,0.288071,0.117387,0.105459,0.166196,0.024932,0.006803,0.006143,0.006836,0.005884,0.002932,0.001205,0.002207,48
behavior_cloned_skill_chain,long_horizon_chain,6,0.445602,0.337092,0.311605,0.303939,0.288715,0.116860,0.107328,0.166824,0.022357,0.006563,0.006448,0.005409,0.006006,0.002553,0.001297,0.001910,48
behavior_cloned_skill_chain,new_skill_pair,0,0.469907,0.340842,0.315757,0.301593,0.280020,0.117601,0.106078,0.168148,0.023884,0.006792,0.006171,0.006708,0.006465,0.002815,0.001345,0.002131,48
behavior_cloned_skill_chain,new_skill_pair,1,0.468750,0.340528,0.315667,0.300354,0.283566,0.118351,0.106671,0.168232,0.024949,0.006913,0.006432,0.005916,0.006378,0.002777,0.001694,0.001989,48
behavior_cloned_skill_chain,new_skill_pair,2,0.477141,0.341743,0.315417,0.302000,0.284404,0.118519,0.107638,0.167831,0.020609,0.006719,0.006355,0.006486,0.006027,0.002632,0.001625,0.002126,48
behavior_cloned_skill_chain,new_skill_pair,3,0.468461,0.339913,0.315232,0.300280,0.283318,0.117121,0.106370,0.166969,0.024501,0.006605,0.006730,0.005572,0.005915,0.002850,0.001273,0.001896,48
behavior_cloned_skill_chain,new_skill_pair,4,0.469039,0.341608,0.313968,0.303401,0.283877,0.116907,0.106654,0.166919,0.021217,0.006793,0.005962,0.006013,0.006119,0.002847,0.001470,0.001791,48
behavior_cloned_skill_chain,new_skill_pair,5,0.464699,0.340160,0.314877,0.301239,0.285341,0.116857,0.106254,0.167773,0.023948,0.006745,0.006246,0.006329,0.005264,0.002761,0.001299,0.002138,48
behavior_cloned_skill_chain,new_skill_pair,6,0.468461,0.341679,0.314989,0.299543,0.285693,0.117012,0.106211,0.167564,0.024794,0.006636,0.005888,0.006738,0.005671,0.002632,0.001383,0.002119,48
behavior_cloned_skill_chain,shifted_objects,0,0.461516,0.346195,0.317069,0.297118,0.281484,0.117749,0.107677,0.168723,0.022171,0.006579,0.006409,0.006218,0.006357,0.002677,0.001666,0.001928,48
behavior_cloned_skill_chain,shifted_objects,1,0.451968,0.344786,0.318383,0.296891,0.277340,0.118420,0.107498,0.168340,0.021929,0.006491,0.006453,0.007070,0.005695,0.002703,0.001483,0.002022,48
behavior_cloned_skill_chain,shifted_objects,2,0.459491,0.345056,0.318151,0.297212,0.282045,0.117845,0.107697,0.168729,0.020710,0.006763,0.006545,0.006389,0.005631,0.002597,0.001383,0.002219,48
behavior_cloned_skill_chain,shifted_objects,3,0.441262,0.344489,0.317146,0.297540,0.279849,0.118279,0.106576,0.168392,0.017910,0.006700,0.006482,0.005633,0.005011,0.002759,0.001441,0.001827,48
behavior_cloned_skill_chain,shifted_objects,4,0.457465,0.344159,0.317623,0.301948,0.280385,0.118035,0.107498,0.165587,0.020221,0.006690,0.006174,0.006370,0.006718,0.002580,0.001502,0.001932,48
behavior_cloned_skill_chain,shifted_objects,5,0.460938,0.344412,0.317798,0.297274,0.281251,0.117808,0.105693,0.169343,0.019158,0.006614,0.006264,0.006880,0.005594,0.002756,0.001528,0.002002,48
behavior_cloned_skill_chain,shifted_objects,6,0.467014,0.343939,0.318034,0.297316,0.280566,0.118205,0.106776,0.168084,0.023500,0.006894,0.006323,0.005831,0.006156,0.002836,0.001417,0.001749,48
cem_trajectory_composer,combined_stress,0,0.548032,0.251039,0.239751,0.433873,0.424085,0.092847,0.383370,0.135928,0.018589,0.005332,0.004839,0.006555,0.006669,0.002222,0.003728,0.002085,48
cem_trajectory_composer,combined_stress,1,0.563947,0.249805,0.241458,0.433336,0.422591,0.092467,0.384637,0.135702,0.019616,0.005040,0.004752,0.006441,0.005795,0.002142,0.003939,0.001961,48
cem_trajectory_composer,combined_stress,2,0.564815,0.250071,0.241087,0.433440,0.423004,0.092821,0.384900,0.137380,0.017634,0.004912,0.004697,0.006065,0.005703,0.002060,0.003664,0.001959,48
cem_trajectory_composer,combined_stress,3,0.557292,0.249184,0.241648,0.432572,0.423520,0.093367,0.383560,0.135650,0.020547,0.005003,0.004840,0.005996,0.005772,0.001887,0.003767,0.001691,48
cem_trajectory_composer,combined_stress,4,0.568576,0.251683,0.240717,0.434088,0.420551,0.092351,0.385193,0.136029,0.021481,0.004764,0.005029,0.005620,0.005865,0.001989,0.003592,0.001877,48
cem_trajectory_composer,combined_stress,5,0.571470,0.250430,0.240939,0.435455,0.423320,0.092117,0.384268,0.134964,0.018304,0.004911,0.005029,0.006001,0.006197,0.001741,0.004041,0.002064,48
cem_trajectory_composer,combined_stress,6,0.555556,0.250575,0.240240,0.433080,0.421729,0.092174,0.384407,0.136604,0.018142,0.004982,0.005219,0.005900,0.005755,0.001949,0.003861,0.001743,48
cem_trajectory_composer,in_distribution,0,0.650752,0.216882,0.205676,0.473510,0.458721,0.083215,0.359576,0.124293,0.016650,0.005287,0.004659,0.006031,0.005993,0.001961,0.003820,0.001859,48
cem_trajectory_composer,in_distribution,1,0.642650,0.216125,0.206611,0.473225,0.458059,0.083983,0.358825,0.126002,0.020803,0.004918,0.004892,0.005060,0.006024,0.002060,0.003582,0.001686,48
cem_trajectory_composer,in_distribution,2,0.637153,0.216259,0.206118,0.473429,0.458453,0.083982,0.358996,0.124271,0.019748,0.004710,0.005103,0.006080,0.005999,0.002008,0.003881,0.001769,48
cem_trajectory_composer,in_distribution,3,0.656539,0.213631,0.206397,0.474281,0.456519,0.083115,0.358736,0.125065,0.016427,0.004301,0.004448,0.006184,0.005742,0.001755,0.003924,0.001562,48
cem_trajectory_composer,in_distribution,4,0.637442,0.215244,0.206049,0.475650,0.460966,0.082892,0.359115,0.125397,0.019013,0.004980,0.004891,0.005833,0.005389,0.002108,0.004084,0.001796,48
cem_trajectory_composer,in_distribution,5,0.643519,0.214770,0.205612,0.472536,0.460266,0.083062,0.359715,0.126101,0.016657,0.005161,0.004409,0.005829,0.005813,0.002206,0.003793,0.001923,48
cem_trajectory_composer,in_distribution,6,0.648148,0.213399,0.207028,0.471820,0.459333,0.083695,0.358984,0.125942,0.019083,0.004840,0.004402,0.005679,0.005479,0.002022,0.003604,0.001904,48
cem_trajectory_composer,long_horizon_chain,0,0.570312,0.230028,0.220744,0.458580,0.444532,0.088104,0.371157,0.129393,0.022686,0.005033,0.004814,0.005812,0.005342,0.001927,0.003582,0.001923,48
cem_trajectory_composer,long_horizon_chain,1,0.598958,0.229407,0.220816,0.458212,0.441948,0.086740,0.369960,0.129063,0.018441,0.004688,0.005273,0.005689,0.006526,0.002000,0.003713,0.002150,48
cem_trajectory_composer,long_horizon_chain,2,0.577546,0.229615,0.220696,0.456601,0.441721,0.087952,0.370211,0.129666,0.022061,0.004592,0.004571,0.006571,0.006490,0.001979,0.003963,0.002138,48
cem_trajectory_composer,long_horizon_chain,3,0.578704,0.230436,0.221465,0.459911,0.441299,0.086593,0.370148,0.128726,0.020220,0.005108,0.004813,0.005847,0.006079,0.002171,0.003777,0.001544,48
cem_trajectory_composer,long_horizon_chain,4,0.594618,0.230889,0.220784,0.458666,0.445466,0.087148,0.369987,0.130192,0.018601,0.004879,0.004658,0.006397,0.005627,0.001865,0.003878,0.001997,48
cem_trajectory_composer,long_horizon_chain,5,0.588542,0.230091,0.220602,0.455194,0.442575,0.086732,0.369522,0.130319,0.017917,0.005033,0.005101,0.006079,0.006524,0.002248,0.003959,0.001810,48
cem_trajectory_composer,long_horizon_chain,6,0.578125,0.229435,0.220463,0.454740,0.441415,0.087393,0.370374,0.130597,0.016702,0.004942,0.004953,0.005780,0.006540,0.001828,0.003801,0.001989,48
cem_trajectory_composer,new_skill_pair,0,0.610822,0.233234,0.223153,0.454360,0.441263,0.088171,0.372904,0.130099,0.017317,0.004820,0.004644,0.005294,0.005746,0.002034,0.003937,0.001795,48
cem_trajectory_composer,new_skill_pair,1,0.610532,0.232553,0.223132,0.451906,0.438033,0.088537,0.372902,0.131006,0.018464,0.004908,0.005360,0.006495,0.006106,0.001984,0.003816,0.002113,48
cem_trajectory_composer,new_skill_pair,2,0.607928,0.232819,0.222390,0.454683,0.439825,0.088266,0.372011,0.130428,0.019775,0.005054,0.004712,0.006246,0.005217,0.002050,0.003674,0.001970,48
cem_trajectory_composer,new_skill_pair,3,0.598958,0.233035,0.223527,0.458928,0.441834,0.088419,0.371696,0.128808,0.018298,0.005144,0.004717,0.006154,0.005575,0.001889,0.003902,0.001969,48
cem_trajectory_composer,new_skill_pair,4,0.619792,0.232896,0.222533,0.452883,0.439247,0.087943,0.371314,0.130424,0.018441,0.004867,0.004876,0.006341,0.005822,0.001967,0.004020,0.001814,48
cem_trajectory_composer,new_skill_pair,5,0.614583,0.232386,0.223513,0.451764,0.440599,0.087752,0.372019,0.130839,0.019206,0.004872,0.004748,0.006748,0.006307,0.001706,0.003978,0.001950,48
cem_trajectory_composer,new_skill_pair,6,0.611400,0.232678,0.222537,0.455103,0.441206,0.088218,0.372126,0.129874,0.018651,0.005045,0.004707,0.006328,0.006748,0.001706,0.003865,0.001925,48
cem_trajectory_composer,shifted_objects,0,0.595775,0.235025,0.226026,0.453533,0.440048,0.088264,0.373984,0.131150,0.019474,0.004852,0.004861,0.006461,0.005906,0.002074,0.003416,0.001819,48
cem_trajectory_composer,shifted_objects,1,0.612269,0.234158,0.224590,0.452124,0.437256,0.088375,0.372763,0.130971,0.022298,0.004977,0.004612,0.005999,0.006330,0.002022,0.003489,0.001959,48
cem_trajectory_composer,shifted_objects,2,0.607928,0.235230,0.225114,0.451700,0.440045,0.088987,0.373110,0.130485,0.022171,0.005093,0.004612,0.005825,0.005441,0.001991,0.003868,0.001692,48
cem_trajectory_composer,shifted_objects,3,0.600694,0.235963,0.223741,0.450283,0.437634,0.088898,0.375439,0.131352,0.019343,0.004635,0.004763,0.006557,0.006426,0.002002,0.003918,0.002142,48
cem_trajectory_composer,shifted_objects,4,0.612558,0.234805,0.226094,0.451077,0.438521,0.088725,0.374214,0.131147,0.019957,0.004704,0.005068,0.006429,0.005943,0.002165,0.003831,0.002164,48
cem_trajectory_composer,shifted_objects,5,0.602431,0.235497,0.225594,0.451011,0.440795,0.089334,0.372885,0.130498,0.021622,0.004836,0.004832,0.006079,0.006161,0.002060,0.004057,0.001841,48
cem_trajectory_composer,shifted_objects,6,0.611400,0.234947,0.224962,0.452826,0.436994,0.088427,0.374189,0.131096,0.014802,0.004840,0.004751,0.005437,0.005749,0.001992,0.003805,0.001985,48
diffusion_skill_stitcher,combined_stress,0,0.519097,0.284324,0.269024,0.393792,0.382191,0.100661,0.251078,0.146437,0.019914,0.005455,0.005315,0.006247,0.006777,0.002069,0.002717,0.002228,48
diffusion_skill_stitcher,combined_stress,1,0.498553,0.286106,0.267982,0.393137,0.377960,0.100822,0.251393,0.145530,0.023029,0.004948,0.005622,0.006494,0.006126,0.002056,0.002413,0.002004,48
diffusion_skill_stitcher,combined_stress,2,0.517072,0.285682,0.267748,0.391849,0.380676,0.100570,0.252240,0.146410,0.017445,0.005441,0.005333,0.005813,0.007006,0.002052,0.002801,0.001716,48
diffusion_skill_stitcher,combined_stress,3,0.519676,0.286480,0.269952,0.390523,0.376686,0.101103,0.252671,0.147286,0.020820,0.005380,0.005215,0.006226,0.006434,0.002237,0.002326,0.001924,48
diffusion_skill_stitcher,combined_stress,4,0.499421,0.285158,0.268809,0.392627,0.380622,0.100864,0.251539,0.145731,0.021657,0.005646,0.005388,0.006479,0.006257,0.002192,0.002719,0.002181,48
diffusion_skill_stitcher,combined_stress,5,0.493924,0.286494,0.268774,0.390833,0.377325,0.101185,0.252028,0.146044,0.019968,0.005097,0.005719,0.006661,0.005599,0.002122,0.002658,0.001938,48
diffusion_skill_stitcher,combined_stress,6,0.505208,0.284967,0.268285,0.392155,0.381083,0.100967,0.251702,0.146766,0.022310,0.005429,0.004989,0.006532,0.006374,0.002045,0.002644,0.001884,48
diffusion_skill_stitcher,in_distribution,0,0.617766,0.244354,0.229897,0.435955,0.420481,0.090339,0.235416,0.134515,0.020791,0.005380,0.005392,0.006823,0.006253,0.002169,0.002813,0.002232,48
diffusion_skill_stitcher,in_distribution,1,0.607928,0.244483,0.230720,0.433147,0.421577,0.091726,0.235671,0.135165,0.023731,0.005471,0.004986,0.006389,0.005879,0.002234,0.002639,0.001789,48
diffusion_skill_stitcher,in_distribution,2,0.608218,0.244809,0.230953,0.431790,0.421458,0.091536,0.235829,0.135348,0.017904,0.005470,0.005396,0.006940,0.006516,0.002030,0.002511,0.002315,48
diffusion_skill_stitcher,in_distribution,3,0.618634,0.244228,0.231174,0.435569,0.419996,0.090704,0.235991,0.134007,0.022694,0.005163,0.005516,0.006142,0.005600,0.002321,0.002755,0.001759,48
diffusion_skill_stitcher,in_distribution,4,0.628762,0.244713,0.230588,0.435113,0.422036,0.091159,0.234350,0.134542,0.019431,0.005260,0.005003,0.005977,0.006304,0.002151,0.002440,0.001753,48
diffusion_skill_stitcher,in_distribution,5,0.620660,0.244058,0.230459,0.433970,0.420146,0.091122,0.234433,0.135819,0.018145,0.005132,0.005465,0.006446,0.006114,0.002133,0.002633,0.002191,48
diffusion_skill_stitcher,in_distribution,6,0.594039,0.244417,0.228963,0.434335,0.420021,0.091522,0.235271,0.134563,0.023828,0.005617,0.005301,0.006739,0.006196,0.002176,0.002711,0.002249,48
diffusion_skill_stitcher,long_horizon_chain,0,0.544560,0.261736,0.246254,0.416202,0.403826,0.095587,0.242246,0.139897,0.020230,0.005421,0.005061,0.006739,0.006484,0.002250,0.002663,0.001951,48
diffusion_skill_stitcher,long_horizon_chain,1,0.551215,0.262953,0.246791,0.418134,0.402605,0.095021,0.243357,0.139110,0.019988,0.005562,0.005459,0.005709,0.005648,0.002019,0.002573,0.001781,48
diffusion_skill_stitcher,long_horizon_chain,2,0.539931,0.261449,0.247431,0.416247,0.404038,0.095723,0.242105,0.139916,0.020833,0.005375,0.005260,0.006863,0.006461,0.002128,0.002730,0.002104,48
diffusion_skill_stitcher,long_horizon_chain,3,0.537905,0.263186,0.247927,0.417313,0.404339,0.095101,0.243042,0.139027,0.017417,0.005841,0.005068,0.006797,0.006514,0.002201,0.002852,0.001889,48
diffusion_skill_stitcher,long_horizon_chain,4,0.550637,0.262090,0.245668,0.413837,0.403784,0.095994,0.242452,0.139841,0.017069,0.005431,0.005042,0.007278,0.006438,0.002091,0.002469,0.001942,48
diffusion_skill_stitcher,long_horizon_chain,5,0.559317,0.261165,0.247273,0.417144,0.401780,0.094875,0.242889,0.138848,0.019431,0.005120,0.005155,0.006512,0.006260,0.002176,0.002627,0.002057,48
diffusion_skill_stitcher,long_horizon_chain,6,0.539352,0.261568,0.247283,0.415582,0.402874,0.095192,0.241788,0.140437,0.017764,0.004972,0.005254,0.006584,0.006247,0.002232,0.002684,0.002028,48
diffusion_skill_stitcher,new_skill_pair,0,0.579282,0.265574,0.248358,0.413200,0.400637,0.095905,0.243456,0.140614,0.019704,0.005281,0.005448,0.006185,0.006599,0.002170,0.002742,0.002132,48
diffusion_skill_stitcher,new_skill_pair,1,0.574363,0.264715,0.249146,0.413444,0.400100,0.095994,0.244507,0.141751,0.020720,0.005388,0.005130,0.006894,0.006367,0.002235,0.002743,0.002099,48
diffusion_skill_stitcher,new_skill_pair,2,0.558449,0.265131,0.248806,0.416168,0.399355,0.095972,0.243778,0.139010,0.018641,0.005444,0.005133,0.006787,0.005902,0.002070,0.002742,0.001661,48
diffusion_skill_stitcher,new_skill_pair,3,0.569444,0.266291,0.248299,0.413898,0.401427,0.096341,0.244007,0.140090,0.018765,0.005550,0.005284,0.006121,0.006784,0.002061,0.002792,0.002113,48
diffusion_skill_stitcher,new_skill_pair,4,0.571470,0.264590,0.250303,0.413214,0.403255,0.096038,0.243232,0.140377,0.017040,0.005506,0.005073,0.007346,0.006528,0.002258,0.002855,0.002086,48
diffusion_skill_stitcher,new_skill_pair,5,0.554977,0.265543,0.249943,0.411915,0.403254,0.095666,0.242897,0.140370,0.019687,0.005475,0.005509,0.006031,0.005856,0.002245,0.002681,0.001815,48
diffusion_skill_stitcher,new_skill_pair,6,0.549479,0.265405,0.249418,0.415063,0.400409,0.096025,0.242806,0.139936,0.015860,0.005433,0.005529,0.006475,0.006508,0.002132,0.002709,0.001996,48
diffusion_skill_stitcher,shifted_objects,0,0.544271,0.267896,0.251226,0.411415,0.398719,0.097460,0.243719,0.141206,0.017714,0.005223,0.005589,0.005958,0.006557,0.002195,0.002752,0.002155,48
diffusion_skill_stitcher,shifted_objects,1,0.554977,0.267051,0.253261,0.412762,0.398345,0.096808,0.244897,0.140195,0.021899,0.005765,0.005205,0.006677,0.006876,0.002068,0.002687,0.002131,48
diffusion_skill_stitcher,shifted_objects,2,0.555556,0.268083,0.252353,0.410893,0.396736,0.095885,0.244884,0.141521,0.015800,0.005560,0.005159,0.007372,0.005636,0.002133,0.002655,0.002074,48
diffusion_skill_stitcher,shifted_objects,3,0.544850,0.267900,0.251455,0.410295,0.397116,0.096421,0.244332,0.140558,0.020937,0.005080,0.005697,0.006712,0.006258,0.002113,0.002677,0.001915,48
diffusion_skill_stitcher,shifted_objects,4,0.569444,0.267244,0.251971,0.412862,0.397742,0.096229,0.244803,0.140803,0.017739,0.005280,0.005467,0.006126,0.006012,0.002064,0.002712,0.001751,48
diffusion_skill_stitcher,shifted_objects,5,0.563947,0.267302,0.252009,0.410661,0.396261,0.097361,0.244527,0.141276,0.022297,0.005476,0.005246,0.006828,0.006265,0.002251,0.002685,0.002138,48
diffusion_skill_stitcher,shifted_objects,6,0.567708,0.266950,0.252962,0.413839,0.397496,0.096777,0.245429,0.140244,0.021377,0.005663,0.005181,0.006267,0.006977,0.002095,0.002661,0.001759,48
energy_compatibility_heuristic,combined_stress,0,0.615451,0.215176,0.222548,0.498535,0.483462,0.084169,0.336040,0.122322,0.016051,0.004253,0.004654,0.005565,0.004810,0.001850,0.003437,0.001917,48
energy_compatibility_heuristic,combined_stress,1,0.613137,0.216082,0.221709,0.495281,0.481636,0.085011,0.336593,0.123026,0.022939,0.004719,0.004398,0.005605,0.005284,0.001839,0.003332,0.001687,48
energy_compatibility_heuristic,combined_stress,2,0.609664,0.215781,0.222973,0.498949,0.482378,0.084162,0.337235,0.122355,0.017501,0.004510,0.004111,0.005398,0.005887,0.001675,0.003289,0.001541,48
energy_compatibility_heuristic,combined_stress,3,0.620081,0.216087,0.222894,0.499597,0.484044,0.084313,0.336398,0.122738,0.017525,0.004525,0.004470,0.006161,0.005369,0.001858,0.003218,0.001883,48
energy_compatibility_heuristic,combined_stress,4,0.616609,0.215568,0.222204,0.495770,0.481713,0.083869,0.336639,0.123056,0.016919,0.004316,0.004265,0.005375,0.005761,0.001867,0.003070,0.001720,48
energy_compatibility_heuristic,combined_stress,5,0.610822,0.214491,0.221076,0.496472,0.482816,0.084152,0.337001,0.123661,0.018861,0.004466,0.003996,0.005568,0.005845,0.001856,0.003030,0.001882,48
energy_compatibility_heuristic,combined_stress,6,0.614873,0.216009,0.221716,0.496367,0.481646,0.085236,0.336916,0.122613,0.017974,0.004241,0.004332,0.005085,0.006354,0.001714,0.003154,0.001865,48
energy_compatibility_heuristic,in_distribution,0,0.675637,0.183408,0.190556,0.533572,0.518739,0.075779,0.316985,0.111481,0.018241,0.004169,0.004367,0.005775,0.005739,0.001925,0.003143,0.001960,48
energy_compatibility_heuristic,in_distribution,1,0.687211,0.183702,0.190096,0.533289,0.515362,0.075066,0.317425,0.113198,0.014989,0.004557,0.004527,0.005789,0.005494,0.001799,0.003037,0.001778,48
energy_compatibility_heuristic,in_distribution,2,0.684896,0.183984,0.188407,0.531270,0.518910,0.075469,0.317233,0.112638,0.018199,0.004615,0.004184,0.006088,0.005575,0.001989,0.003294,0.001732,48
energy_compatibility_heuristic,in_distribution,3,0.674479,0.183465,0.190850,0.534714,0.518569,0.075424,0.317428,0.113622,0.015526,0.004190,0.004503,0.005431,0.005268,0.001855,0.003030,0.001431,48
energy_compatibility_heuristic,in_distribution,4,0.690394,0.182901,0.189730,0.532868,0.518949,0.075879,0.317351,0.112373,0.018606,0.004592,0.004423,0.005788,0.005442,0.001846,0.003204,0.001903,48
energy_compatibility_heuristic,in_distribution,5,0.692419,0.183408,0.188803,0.532255,0.517982,0.075979,0.317469,0.112284,0.021383,0.004579,0.004473,0.005841,0.005862,0.001857,0.003205,0.001869,48
energy_compatibility_heuristic,in_distribution,6,0.685475,0.183107,0.190494,0.535293,0.517762,0.075539,0.316506,0.112105,0.020384,0.004463,0.004361,0.005895,0.005401,0.001679,0.003172,0.001742,48
energy_compatibility_heuristic,long_horizon_chain,0,0.643519,0.197632,0.204185,0.518528,0.502011,0.079598,0.326381,0.117045,0.017875,0.004111,0.004367,0.005457,0.005111,0.001747,0.003146,0.001958,48
energy_compatibility_heuristic,long_horizon_chain,1,0.634838,0.197001,0.203762,0.517739,0.500765,0.079598,0.324676,0.118132,0.016351,0.004755,0.004288,0.005383,0.004448,0.001869,0.003090,0.001784,48
energy_compatibility_heuristic,long_horizon_chain,2,0.637442,0.196531,0.203892,0.517047,0.501948,0.080356,0.324575,0.117330,0.014207,0.004400,0.004651,0.005669,0.005751,0.002011,0.003187,0.001821,48
energy_compatibility_heuristic,long_horizon_chain,3,0.641782,0.196903,0.203642,0.516324,0.504609,0.079726,0.324416,0.117574,0.020214,0.004322,0.004495,0.005636,0.005072,0.001753,0.003243,0.001597,48
energy_compatibility_heuristic,long_horizon_chain,4,0.617477,0.198168,0.204111,0.516369,0.502258,0.079211,0.325427,0.118531,0.019469,0.004483,0.004187,0.005206,0.005783,0.001799,0.003154,0.001852,48
energy_compatibility_heuristic,long_horizon_chain,5,0.645833,0.197518,0.204081,0.517969,0.503576,0.079325,0.324153,0.116788,0.018304,0.004384,0.004225,0.005305,0.005109,0.001867,0.003060,0.001641,48
energy_compatibility_heuristic,long_horizon_chain,6,0.648438,0.197345,0.203971,0.516330,0.504284,0.079545,0.324725,0.117969,0.019823,0.004072,0.004204,0.004786,0.005893,0.001735,0.003297,0.001606,48
energy_compatibility_heuristic,new_skill_pair,0,0.642940,0.200442,0.205844,0.515234,0.499595,0.080551,0.326226,0.117516,0.016311,0.004528,0.004216,0.005151,0.005919,0.001698,0.003311,0.001612,48
energy_compatibility_heuristic,new_skill_pair,1,0.665799,0.199903,0.206163,0.512688,0.501074,0.080101,0.326369,0.118275,0.018981,0.004646,0.004366,0.005471,0.005719,0.001545,0.003323,0.001763,48
energy_compatibility_heuristic,new_skill_pair,2,0.668403,0.200496,0.206241,0.515283,0.500924,0.080418,0.326976,0.117177,0.016936,0.004363,0.004620,0.005807,0.005522,0.001855,0.003208,0.001996,48
energy_compatibility_heuristic,new_skill_pair,3,0.655961,0.200132,0.205684,0.517564,0.497946,0.079675,0.327107,0.117709,0.020332,0.004505,0.004231,0.004880,0.004860,0.001569,0.003161,0.001575,48
energy_compatibility_heuristic,new_skill_pair,4,0.644965,0.199867,0.205785,0.515542,0.499616,0.079748,0.327500,0.118621,0.017663,0.004081,0.004456,0.005806,0.005999,0.002076,0.003177,0.001819,48
energy_compatibility_heuristic,new_skill_pair,5,0.657407,0.198976,0.204907,0.513091,0.499891,0.079970,0.326348,0.118319,0.017522,0.004620,0.004114,0.005417,0.005655,0.001819,0.003228,0.001666,48
energy_compatibility_heuristic,new_skill_pair,6,0.655093,0.200131,0.205384,0.513921,0.499521,0.080508,0.326316,0.118143,0.020301,0.004478,0.004345,0.005374,0.005197,0.001647,0.003239,0.001521,48
energy_compatibility_heuristic,shifted_objects,0,0.651042,0.201287,0.207773,0.510508,0.499650,0.080383,0.326985,0.119776,0.016820,0.004249,0.004343,0.005176,0.005015,0.001702,0.003182,0.001588,48
energy_compatibility_heuristic,shifted_objects,1,0.657118,0.202977,0.207091,0.511593,0.499355,0.080857,0.327979,0.118874,0.018959,0.004204,0.004428,0.005090,0.006202,0.001770,0.003080,0.001827,48
energy_compatibility_heuristic,shifted_objects,2,0.655961,0.203455,0.206792,0.511861,0.499925,0.080866,0.329102,0.118641,0.019185,0.004216,0.004232,0.005770,0.005876,0.001930,0.003096,0.001824,48
energy_compatibility_heuristic,shifted_objects,3,0.644676,0.202348,0.207671,0.512740,0.496283,0.081433,0.328152,0.118297,0.015880,0.003955,0.004408,0.004774,0.005337,0.001659,0.003301,0.001585,48
energy_compatibility_heuristic,shifted_objects,4,0.649016,0.202138,0.207639,0.512200,0.499533,0.080444,0.328654,0.118844,0.017790,0.004221,0.004571,0.004963,0.005103,0.001761,0.003199,0.001779,48
energy_compatibility_heuristic,shifted_objects,5,0.654225,0.201318,0.208593,0.513028,0.499264,0.080427,0.327949,0.118739,0.017351,0.004347,0.004461,0.005817,0.005160,0.001819,0.003372,0.001959,48
energy_compatibility_heuristic,shifted_objects,6,0.661169,0.201650,0.209635,0.511526,0.499508,0.080791,0.328495,0.118884,0.016447,0.004543,0.004304,0.005559,0.005442,0.001534,0.003097,0.001709,48
greedy_module_sequence,combined_stress,0,0.313947,0.412895,0.378252,0.221240,0.211073,0.139114,0.079781,0.187529,0.023206,0.007408,0.007230,0.005651,0.006357,0.003094,0.001477,0.002070,48
greedy_module_sequence,combined_stress,1,0.321181,0.414851,0.377235,0.219429,0.211705,0.139716,0.079645,0.188499,0.023105,0.007492,0.007351,0.005590,0.006407,0.003147,0.001370,0.002098,48
greedy_module_sequence,combined_stress,2,0.317419,0.413760,0.377333,0.222291,0.210280,0.139608,0.079491,0.187959,0.020521,0.007451,0.007587,0.005704,0.005996,0.002975,0.001438,0.001952,48
greedy_module_sequence,combined_stress,3,0.321181,0.413304,0.376443,0.222331,0.212184,0.139358,0.080312,0.188027,0.022295,0.007518,0.007623,0.005534,0.005586,0.003161,0.001306,0.002156,48
greedy_module_sequence,combined_stress,4,0.340856,0.414040,0.377287,0.222291,0.211352,0.139720,0.079713,0.187872,0.021778,0.007402,0.007037,0.006139,0.006526,0.003188,0.001150,0.002262,48
greedy_module_sequence,combined_stress,5,0.327546,0.414664,0.376322,0.219026,0.211013,0.138517,0.078303,0.188091,0.020868,0.007576,0.007425,0.006050,0.006497,0.002965,0.001342,0.002170,48
greedy_module_sequence,combined_stress,6,0.325810,0.412794,0.377223,0.222656,0.210475,0.139165,0.080262,0.188330,0.016924,0.007466,0.007338,0.005564,0.006243,0.003178,0.001259,0.002077,48
greedy_module_sequence,in_distribution,0,0.469329,0.356168,0.322491,0.272430,0.260081,0.127177,0.075622,0.172719,0.022093,0.007538,0.007073,0.006139,0.005962,0.002853,0.001408,0.001890,48
greedy_module_sequence,in_distribution,1,0.451678,0.357731,0.323774,0.273344,0.259648,0.127205,0.074893,0.171861,0.023182,0.007411,0.007286,0.006216,0.006958,0.003156,0.001264,0.002041,48
greedy_module_sequence,in_distribution,2,0.457465,0.356386,0.324398,0.273176,0.261896,0.126945,0.076009,0.173268,0.020254,0.007348,0.007322,0.005874,0.006209,0.002943,0.001201,0.001884,48
greedy_module_sequence,in_distribution,3,0.467593,0.356391,0.323921,0.274622,0.261537,0.126576,0.074418,0.173030,0.023482,0.007574,0.007476,0.005674,0.005475,0.003086,0.001285,0.002091,48
greedy_module_sequence,in_distribution,4,0.472801,0.357102,0.322695,0.276664,0.261532,0.127388,0.075430,0.172682,0.023082,0.007557,0.007179,0.005730,0.006748,0.003115,0.001379,0.001994,48
greedy_module_sequence,in_distribution,5,0.458912,0.358142,0.324356,0.273046,0.260676,0.126882,0.075270,0.172973,0.022271,0.007514,0.007272,0.005104,0.006556,0.002992,0.001429,0.001821,48
greedy_module_sequence,in_distribution,6,0.458623,0.356040,0.324605,0.273907,0.261205,0.126772,0.076280,0.173595,0.026655,0.007381,0.007272,0.005038,0.006537,0.003172,0.001167,0.002019,48
greedy_module_sequence,long_horizon_chain,0,0.369213,0.380646,0.348066,0.249570,0.241753,0.132504,0.076635,0.179086,0.026486,0.007540,0.007240,0.005949,0.006605,0.003201,0.001403,0.001806,48
greedy_module_sequence,long_horizon_chain,1,0.364873,0.380662,0.346644,0.251041,0.236326,0.131418,0.077474,0.179609,0.016704,0.007621,0.006930,0.006344,0.006807,0.003107,0.001215,0.002011,48
greedy_module_sequence,long_horizon_chain,2,0.370949,0.381511,0.346318,0.251414,0.239744,0.132571,0.077846,0.179732,0.025784,0.007590,0.007366,0.005835,0.006586,0.003117,0.001509,0.002064,48
greedy_module_sequence,long_horizon_chain,3,0.373264,0.381025,0.346171,0.255040,0.237871,0.133170,0.077040,0.178301,0.023162,0.007169,0.007333,0.006117,0.006680,0.002889,0.001118,0.002066,48
greedy_module_sequence,long_horizon_chain,4,0.366319,0.380951,0.345510,0.251037,0.243959,0.132729,0.077573,0.178500,0.023500,0.007165,0.006856,0.004456,0.006534,0.003171,0.001365,0.001938,48
greedy_module_sequence,long_horizon_chain,5,0.366609,0.380305,0.347025,0.250474,0.241003,0.132151,0.076705,0.180094,0.021054,0.007507,0.007608,0.005762,0.006334,0.003307,0.001467,0.001906,48
greedy_module_sequence,long_horizon_chain,6,0.363137,0.379996,0.346263,0.252912,0.238281,0.132075,0.077233,0.178307,0.024678,0.007235,0.006967,0.005558,0.006852,0.003040,0.001236,0.001919,48
greedy_module_sequence,new_skill_pair,0,0.407118,0.385860,0.347842,0.246881,0.237178,0.133530,0.076982,0.181596,0.023633,0.007643,0.007115,0.006165,0.006599,0.003098,0.001222,0.002312,48
greedy_module_sequence,new_skill_pair,1,0.394387,0.384677,0.351349,0.248755,0.236902,0.132646,0.077069,0.181175,0.021639,0.007536,0.006960,0.005877,0.005967,0.002971,0.001361,0.001834,48
greedy_module_sequence,new_skill_pair,2,0.412037,0.385069,0.349710,0.247162,0.232254,0.133177,0.077730,0.180739,0.027645,0.007542,0.007588,0.005858,0.006047,0.003150,0.001160,0.002358,48
greedy_module_sequence,new_skill_pair,3,0.404803,0.384572,0.349691,0.245978,0.236453,0.133400,0.076337,0.179467,0.024664,0.007647,0.007203,0.006108,0.006305,0.002882,0.001315,0.002173,48
greedy_module_sequence,new_skill_pair,4,0.404803,0.386545,0.349484,0.246619,0.237273,0.132923,0.077698,0.180968,0.020117,0.007959,0.007296,0.005025,0.006065,0.003198,0.001230,0.001888,48
greedy_module_sequence,new_skill_pair,5,0.417245,0.385621,0.351181,0.246815,0.237448,0.133309,0.077881,0.181022,0.021959,0.007804,0.007313,0.006294,0.006882,0.003252,0.001420,0.002498,48
greedy_module_sequence,new_skill_pair,6,0.403646,0.385460,0.351227,0.247481,0.237378,0.133581,0.077871,0.180930,0.026629,0.007622,0.007602,0.005571,0.006060,0.003131,0.001471,0.002028,48
greedy_module_sequence,shifted_objects,0,0.394387,0.390044,0.354040,0.241952,0.231871,0.133691,0.078456,0.183091,0.023007,0.007195,0.007009,0.006156,0.006419,0.003082,0.001421,0.001982,48
greedy_module_sequence,shifted_objects,1,0.392072,0.387828,0.353291,0.241541,0.233583,0.133427,0.077575,0.181856,0.023551,0.007766,0.007077,0.006075,0.006012,0.002898,0.001217,0.001841,48
greedy_module_sequence,shifted_objects,2,0.385706,0.390013,0.352751,0.243789,0.233596,0.134018,0.077736,0.181583,0.026205,0.007586,0.006851,0.005801,0.006401,0.003135,0.001052,0.001907,48
greedy_module_sequence,shifted_objects,3,0.396991,0.387710,0.353339,0.244292,0.234345,0.133362,0.077910,0.181775,0.020868,0.007454,0.006751,0.004997,0.006365,0.003102,0.001324,0.002002,48
greedy_module_sequence,shifted_objects,4,0.405961,0.389677,0.353587,0.241676,0.230210,0.133399,0.078097,0.181156,0.024654,0.007487,0.007356,0.006132,0.006597,0.002722,0.001435,0.002055,48
greedy_module_sequence,shifted_objects,5,0.394676,0.389735,0.355272,0.245607,0.233476,0.134908,0.078572,0.181758,0.026868,0.007681,0.007280,0.006605,0.006694,0.003175,0.001124,0.002122,48
greedy_module_sequence,shifted_objects,6,0.389468,0.388677,0.352614,0.242544,0.233529,0.133612,0.077138,0.180999,0.024003,0.007893,0.007227,0.005524,0.006443,0.002846,0.001306,0.001988,48
option_graph_planner,combined_stress,0,0.465278,0.304011,0.289701,0.360391,0.342002,0.107745,0.175422,0.152742,0.018447,0.005808,0.005792,0.007287,0.006467,0.002417,0.001677,0.002073,48
option_graph_planner,combined_stress,1,0.462963,0.305093,0.291116,0.359200,0.340626,0.106862,0.175220,0.155280,0.019203,0.005660,0.006123,0.006805,0.007171,0.002237,0.001972,0.001963,48
option_graph_planner,combined_stress,2,0.460359,0.305315,0.289292,0.361076,0.341168,0.107502,0.175469,0.153709,0.019436,0.005566,0.005100,0.006477,0.006302,0.002280,0.002193,0.002028,48
option_graph_planner,combined_stress,3,0.463542,0.303810,0.288987,0.360424,0.342047,0.106684,0.174360,0.153902,0.024202,0.005705,0.005786,0.006943,0.006566,0.002336,0.002010,0.002147,48
option_graph_planner,combined_stress,4,0.471933,0.304563,0.289024,0.359641,0.341233,0.106319,0.175539,0.154250,0.020672,0.005705,0.005132,0.007202,0.006362,0.002358,0.002344,0.001987,48
option_graph_planner,combined_stress,5,0.465856,0.304671,0.288544,0.359112,0.340932,0.107585,0.174828,0.153602,0.021581,0.005993,0.005106,0.006216,0.006474,0.002289,0.002385,0.002090,48
option_graph_planner,combined_stress,6,0.473669,0.305253,0.290163,0.362185,0.340105,0.107763,0.176237,0.153728,0.017275,0.005869,0.005722,0.006568,0.006257,0.002382,0.001901,0.001593,48
option_graph_planner,in_distribution,0,0.580729,0.260938,0.249984,0.401786,0.383656,0.096652,0.163787,0.144046,0.018063,0.005738,0.005157,0.006317,0.005822,0.002398,0.002110,0.002169,48
option_graph_planner,in_distribution,1,0.565972,0.261684,0.249791,0.406378,0.383901,0.096778,0.164219,0.141266,0.023075,0.005959,0.005858,0.006817,0.006690,0.002248,0.002230,0.002179,48
option_graph_planner,in_distribution,2,0.574074,0.261296,0.249431,0.406113,0.384305,0.097084,0.164523,0.141689,0.025287,0.005829,0.005825,0.006288,0.006370,0.002163,0.001985,0.002092,48
option_graph_planner,in_distribution,3,0.588831,0.261572,0.250114,0.403494,0.383809,0.096257,0.163349,0.143482,0.022370,0.005827,0.005518,0.006723,0.006788,0.002101,0.002028,0.001895,48
option_graph_planner,in_distribution,4,0.567998,0.260408,0.250475,0.401535,0.382621,0.096716,0.162860,0.143308,0.020006,0.005979,0.005848,0.006828,0.006598,0.002325,0.001973,0.001762,48
option_graph_planner,in_distribution,5,0.569734,0.262092,0.248728,0.403696,0.382630,0.096037,0.164426,0.142719,0.018739,0.005868,0.005576,0.006334,0.006682,0.002169,0.002101,0.001983,48
option_graph_planner,in_distribution,6,0.560475,0.261938,0.249699,0.405304,0.385406,0.097263,0.163879,0.141294,0.018563,0.005412,0.005579,0.006887,0.006829,0.002380,0.002232,0.001832,48
option_graph_planner,long_horizon_chain,0,0.518229,0.278529,0.265535,0.383049,0.367414,0.101051,0.168017,0.147639,0.020810,0.005523,0.005647,0.006728,0.006436,0.002258,0.002152,0.002029,48
option_graph_planner,long_horizon_chain,1,0.508102,0.280217,0.266584,0.381702,0.367665,0.101230,0.168482,0.147887,0.018175,0.005712,0.005223,0.006425,0.006440,0.002137,0.002036,0.001920,48
option_graph_planner,long_horizon_chain,2,0.506076,0.280978,0.265844,0.384740,0.364395,0.101572,0.168809,0.146980,0.019024,0.005948,0.005668,0.007407,0.007053,0.002331,0.002355,0.002273,48
option_graph_planner,long_horizon_chain,3,0.525174,0.279815,0.266224,0.384542,0.365976,0.101777,0.169847,0.148255,0.017807,0.005678,0.005743,0.006230,0.006276,0.002436,0.002209,0.002170,48
option_graph_planner,long_horizon_chain,4,0.515914,0.279439,0.265977,0.384276,0.363233,0.100430,0.168514,0.148138,0.020949,0.005963,0.005471,0.006215,0.006442,0.002424,0.002147,0.001848,48
option_graph_planner,long_horizon_chain,5,0.504051,0.279741,0.267531,0.386568,0.364621,0.100782,0.168774,0.145962,0.017886,0.005991,0.005264,0.006378,0.006980,0.002240,0.001987,0.001748,48
option_graph_planner,long_horizon_chain,6,0.503472,0.278933,0.267020,0.384766,0.366358,0.101210,0.167926,0.146713,0.020799,0.005899,0.005407,0.006955,0.007372,0.002380,0.001908,0.002036,48
option_graph_planner,new_skill_pair,0,0.525174,0.282482,0.269709,0.379802,0.362529,0.101670,0.169734,0.148612,0.019749,0.005818,0.005293,0.006638,0.007257,0.002258,0.001934,0.001997,48
option_graph_planner,new_skill_pair,1,0.527778,0.282115,0.270258,0.382170,0.362372,0.101258,0.170411,0.148309,0.022138,0.005755,0.005584,0.006441,0.006480,0.002317,0.001773,0.001834,48
option_graph_planner,new_skill_pair,2,0.528356,0.282992,0.268117,0.383634,0.361420,0.101908,0.169225,0.147870,0.020279,0.005693,0.005630,0.006311,0.006277,0.002484,0.002153,0.001915,48
option_graph_planner,new_skill_pair,3,0.540799,0.281238,0.268954,0.382896,0.360892,0.101587,0.169512,0.148006,0.021694,0.005705,0.005516,0.006417,0.006407,0.002408,0.002103,0.002035,48
option_graph_planner,new_skill_pair,4,0.534433,0.281371,0.270222,0.382759,0.362341,0.101297,0.168612,0.148766,0.020870,0.005995,0.005666,0.006759,0.006699,0.002263,0.002102,0.002075,48
option_graph_planner,new_skill_pair,5,0.532407,0.282633,0.269235,0.379859,0.365367,0.102793,0.169544,0.148785,0.021048,0.005475,0.005709,0.006678,0.005800,0.002322,0.002049,0.002188,48
option_graph_planner,new_skill_pair,6,0.519387,0.282350,0.268412,0.383820,0.361716,0.101770,0.170159,0.147777,0.021955,0.005694,0.005248,0.006662,0.006305,0.002231,0.001793,0.001721,48
option_graph_planner,shifted_objects,0,0.511863,0.285243,0.271401,0.377032,0.359507,0.102390,0.169752,0.149215,0.021749,0.006159,0.005390,0.007205,0.006449,0.002315,0.002069,0.001889,48
option_graph_planner,shifted_objects,1,0.510995,0.285016,0.272276,0.378963,0.361422,0.102304,0.170011,0.149702,0.020488,0.005555,0.005432,0.005750,0.007114,0.002408,0.001762,0.001726,48
option_graph_planner,shifted_objects,2,0.532697,0.286940,0.271564,0.377792,0.361253,0.102619,0.170701,0.149020,0.022702,0.005625,0.005278,0.006928,0.006481,0.002353,0.002060,0.002126,48
option_graph_planner,shifted_objects,3,0.526331,0.285729,0.271209,0.378918,0.360719,0.102051,0.170332,0.149404,0.026003,0.005929,0.005453,0.006848,0.006430,0.002326,0.002032,0.001934,48
option_graph_planner,shifted_objects,4,0.516493,0.286409,0.272401,0.380300,0.360244,0.102965,0.170672,0.148425,0.024593,0.005452,0.005660,0.006836,0.006725,0.002189,0.002179,0.002142,48
option_graph_planner,shifted_objects,5,0.521701,0.284982,0.271308,0.375785,0.358010,0.102867,0.170426,0.150285,0.021010,0.005721,0.005577,0.007239,0.006458,0.002242,0.002095,0.002015,48
option_graph_planner,shifted_objects,6,0.514178,0.286051,0.272300,0.382265,0.358586,0.102441,0.169638,0.148684,0.017146,0.005799,0.005650,0.006199,0.005841,0.002192,0.002210,0.001772,48
oracle_basin_composer,combined_stress,0,0.804109,0.068055,0.062865,0.834755,0.829304,0.038175,0.202726,0.045543,0.014068,0.001919,0.001617,0.003166,0.002991,0.000800,0.001660,0.001174,48
oracle_basin_composer,combined_stress,1,0.819155,0.068286,0.062396,0.835847,0.826043,0.038468,0.203492,0.046335,0.010427,0.001897,0.001708,0.002923,0.003600,0.000878,0.001665,0.001365,48
oracle_basin_composer,combined_stress,2,0.814815,0.067762,0.062893,0.834560,0.828738,0.038915,0.202783,0.045989,0.016538,0.001896,0.001697,0.003630,0.004266,0.001082,0.001509,0.001387,48
oracle_basin_composer,combined_stress,3,0.822627,0.066549,0.062472,0.836080,0.827711,0.038828,0.202133,0.045461,0.012218,0.002097,0.001914,0.002904,0.003808,0.000993,0.001914,0.001080,48
oracle_basin_composer,combined_stress,4,0.828125,0.068577,0.061451,0.836218,0.827453,0.039103,0.202732,0.045875,0.016081,0.001658,0.001408,0.004315,0.002944,0.000878,0.001873,0.001387,48
oracle_basin_composer,combined_stress,5,0.826100,0.068380,0.060895,0.835210,0.825937,0.038212,0.201872,0.046346,0.012345,0.001494,0.001791,0.003548,0.002849,0.001254,0.001461,0.001292,48
oracle_basin_composer,combined_stress,6,0.813368,0.067844,0.062594,0.836139,0.825834,0.038390,0.202377,0.045417,0.014520,0.001926,0.001897,0.003420,0.003674,0.001030,0.001415,0.001204,48
oracle_basin_composer,in_distribution,0,0.842303,0.059600,0.053930,0.847572,0.835548,0.033629,0.193633,0.043066,0.014374,0.002023,0.001806,0.003565,0.003589,0.001258,0.001742,0.001295,48
oracle_basin_composer,in_distribution,1,0.847801,0.059675,0.054698,0.847967,0.838450,0.033736,0.196135,0.042743,0.013093,0.001772,0.002116,0.003330,0.003354,0.001156,0.001825,0.001090,48
oracle_basin_composer,in_distribution,2,0.842882,0.059334,0.054284,0.849632,0.838048,0.034617,0.194433,0.041840,0.012403,0.001906,0.001872,0.003718,0.003251,0.001205,0.001621,0.001357,48
oracle_basin_composer,in_distribution,3,0.851273,0.059040,0.053167,0.841880,0.839067,0.034558,0.194723,0.043928,0.011966,0.001712,0.001830,0.003277,0.003275,0.000916,0.001755,0.001194,48
oracle_basin_composer,in_distribution,4,0.844907,0.060885,0.053413,0.845921,0.836310,0.034151,0.194641,0.042492,0.011949,0.001809,0.001579,0.003326,0.003195,0.001030,0.001545,0.001107,48
oracle_basin_composer,in_distribution,5,0.848958,0.059518,0.053629,0.845431,0.839595,0.034746,0.195331,0.043697,0.012468,0.001869,0.001796,0.003703,0.003525,0.001203,0.001612,0.001217,48
oracle_basin_composer,in_distribution,6,0.848669,0.058475,0.053556,0.846703,0.838087,0.034167,0.194347,0.042090,0.012873,0.001748,0.001687,0.003497,0.002516,0.001011,0.001628,0.001291,48
oracle_basin_composer,long_horizon_chain,0,0.820312,0.063445,0.057679,0.843972,0.833290,0.037027,0.197012,0.042822,0.013155,0.002082,0.001902,0.002829,0.002881,0.001080,0.001567,0.001478,48
oracle_basin_composer,long_horizon_chain,1,0.831597,0.062939,0.056387,0.843095,0.835686,0.035891,0.197850,0.043716,0.012547,0.001976,0.002092,0.003969,0.003780,0.001075,0.001707,0.001442,48
oracle_basin_composer,long_horizon_chain,2,0.834201,0.064531,0.057767,0.843511,0.833423,0.035967,0.198114,0.043171,0.012697,0.001829,0.001905,0.003444,0.003195,0.001196,0.001607,0.001080,48
oracle_basin_composer,long_horizon_chain,3,0.826389,0.062307,0.056522,0.844265,0.834276,0.036163,0.198203,0.044410,0.013069,0.001920,0.001931,0.003584,0.003112,0.001033,0.001508,0.001322,48
oracle_basin_composer,long_horizon_chain,4,0.828125,0.063665,0.057881,0.842662,0.835412,0.035897,0.198979,0.044328,0.012573,0.001944,0.001238,0.003292,0.002774,0.000981,0.001646,0.001204,48
oracle_basin_composer,long_horizon_chain,5,0.834780,0.062787,0.056413,0.843401,0.832615,0.036797,0.197021,0.043566,0.013447,0.002015,0.001604,0.003128,0.003435,0.001050,0.001823,0.001596,48
oracle_basin_composer,long_horizon_chain,6,0.832465,0.063069,0.057067,0.841434,0.835485,0.036357,0.197044,0.043430,0.014072,0.001745,0.001660,0.003422,0.003312,0.001035,0.001637,0.001485,48
oracle_basin_composer,new_skill_pair,0,0.824363,0.062799,0.056988,0.842286,0.831739,0.035859,0.198683,0.044644,0.014097,0.002049,0.002032,0.003867,0.002969,0.001278,0.001579,0.001170,48
oracle_basin_composer,new_skill_pair,1,0.831887,0.062819,0.057192,0.839828,0.833194,0.036581,0.197839,0.045561,0.015929,0.002039,0.001376,0.003477,0.002847,0.001063,0.001300,0.001380,48
oracle_basin_composer,new_skill_pair,2,0.837963,0.061663,0.058783,0.842282,0.834738,0.036551,0.198810,0.044008,0.013474,0.001681,0.001819,0.003696,0.003128,0.001148,0.001684,0.001212,48
oracle_basin_composer,new_skill_pair,3,0.833333,0.064017,0.057895,0.840687,0.833302,0.036746,0.199673,0.044926,0.012635,0.001947,0.001690,0.003806,0.003351,0.001147,0.001485,0.001550,48
oracle_basin_composer,new_skill_pair,4,0.837095,0.063023,0.059047,0.842437,0.831781,0.036145,0.199111,0.044533,0.013605,0.001889,0.001913,0.003340,0.003253,0.001086,0.001370,0.001476,48
oracle_basin_composer,new_skill_pair,5,0.831887,0.063649,0.057608,0.842203,0.833009,0.036402,0.199024,0.044658,0.010882,0.001787,0.001856,0.003087,0.003537,0.001039,0.001773,0.000952,48
oracle_basin_composer,new_skill_pair,6,0.842593,0.063541,0.058244,0.844022,0.834293,0.037062,0.198721,0.043867,0.012901,0.001563,0.001536,0.003086,0.003560,0.000993,0.001291,0.001387,48
oracle_basin_composer,shifted_objects,0,0.824942,0.063492,0.058664,0.837303,0.831419,0.037262,0.199753,0.045358,0.015919,0.001820,0.002145,0.003109,0.003698,0.001009,0.001684,0.001442,48
oracle_basin_composer,shifted_objects,1,0.847222,0.064650,0.057699,0.840606,0.832711,0.036486,0.198919,0.045424,0.014317,0.002119,0.001519,0.003316,0.003196,0.001075,0.001682,0.001261,48
oracle_basin_composer,shifted_objects,2,0.833623,0.064408,0.058461,0.839952,0.833810,0.036538,0.199521,0.044932,0.011953,0.001742,0.002109,0.003702,0.003228,0.001080,0.001582,0.001104,48
oracle_basin_composer,shifted_objects,3,0.835069,0.063775,0.058327,0.841051,0.831495,0.037197,0.199158,0.044825,0.012959,0.002106,0.001786,0.003566,0.003455,0.001027,0.001523,0.001243,48
oracle_basin_composer,shifted_objects,4,0.829861,0.063671,0.057446,0.842248,0.834809,0.036593,0.199306,0.043664,0.013838,0.001691,0.001444,0.003675,0.003578,0.001173,0.001768,0.001409,48
oracle_basin_composer,shifted_objects,5,0.831308,0.064321,0.057619,0.840915,0.830355,0.036352,0.199580,0.044389,0.013144,0.001659,0.001705,0.003571,0.003956,0.001311,0.001575,0.001275,48
oracle_basin_composer,shifted_objects,6,0.830440,0.065379,0.059515,0.839867,0.835076,0.036877,0.199689,0.044800,0.013873,0.001847,0.002000,0.003336,0.002706,0.001161,0.001384,0.001472,48
proposed_energy_landscape_composer,combined_stress,0,0.725984,0.128766,0.120684,0.706237,0.693976,0.060608,0.245421,0.075477,0.015093,0.003106,0.003013,0.004810,0.003873,0.001447,0.002050,0.001302,48
proposed_energy_landscape_composer,combined_stress,1,0.721644,0.128706,0.121329,0.702153,0.690946,0.060230,0.245812,0.075151,0.021581,0.003069,0.002730,0.004130,0.003983,0.001455,0.002242,0.001565,48
proposed_energy_landscape_composer,combined_stress,2,0.731771,0.128542,0.121783,0.703043,0.690278,0.060514,0.245332,0.075131,0.017462,0.002915,0.002592,0.004049,0.004252,0.001327,0.002015,0.001296,48
proposed_energy_landscape_composer,combined_stress,3,0.723958,0.128924,0.121139,0.703701,0.690288,0.060779,0.245402,0.074566,0.017658,0.002479,0.002987,0.005474,0.004049,0.001666,0.001988,0.001517,48
proposed_energy_landscape_composer,combined_stress,4,0.726852,0.129804,0.120483,0.701068,0.691040,0.061130,0.246176,0.075830,0.018507,0.002917,0.002975,0.004343,0.004486,0.001413,0.002069,0.001514,48
proposed_energy_landscape_composer,combined_stress,5,0.728877,0.129340,0.121991,0.702360,0.690963,0.060668,0.245129,0.076610,0.019129,0.003251,0.002803,0.004985,0.005185,0.001410,0.002149,0.001577,48
proposed_energy_landscape_composer,combined_stress,6,0.713252,0.128815,0.121378,0.704099,0.690998,0.061049,0.244557,0.075590,0.016680,0.003267,0.002442,0.003617,0.004583,0.001379,0.002239,0.001329,48
proposed_energy_landscape_composer,in_distribution,0,0.756366,0.111014,0.104014,0.722819,0.711592,0.053485,0.232754,0.070360,0.015505,0.003072,0.002898,0.004722,0.004923,0.001673,0.002191,0.001257,48
proposed_energy_landscape_composer,in_distribution,1,0.767650,0.110396,0.103382,0.722036,0.713643,0.054146,0.233553,0.070214,0.018264,0.002800,0.002933,0.004183,0.004925,0.001553,0.002042,0.001538,48
proposed_energy_landscape_composer,in_distribution,2,0.765625,0.110765,0.103525,0.723222,0.713514,0.053063,0.231947,0.070297,0.018081,0.003165,0.002793,0.004565,0.003629,0.001447,0.002162,0.001448,48
proposed_energy_landscape_composer,in_distribution,3,0.772280,0.110754,0.104563,0.724033,0.714473,0.053270,0.232702,0.069315,0.015774,0.002999,0.002756,0.004401,0.004170,0.001359,0.002247,0.001426,48
proposed_energy_landscape_composer,in_distribution,4,0.767072,0.111409,0.104269,0.723961,0.712296,0.054097,0.233234,0.070708,0.016012,0.003126,0.002534,0.004392,0.005006,0.001374,0.002094,0.001435,48
proposed_energy_landscape_composer,in_distribution,5,0.753762,0.110727,0.104223,0.725170,0.711812,0.053788,0.233937,0.069719,0.018443,0.003103,0.003263,0.004298,0.004182,0.001658,0.002138,0.001459,48
proposed_energy_landscape_composer,in_distribution,6,0.771701,0.110976,0.103433,0.723670,0.712367,0.054036,0.234048,0.070019,0.014921,0.003111,0.002806,0.004075,0.004687,0.001512,0.001898,0.001794,48
proposed_energy_landscape_composer,long_horizon_chain,0,0.730613,0.119076,0.112317,0.715724,0.702675,0.056921,0.238530,0.073183,0.018174,0.003100,0.003008,0.004809,0.003637,0.001397,0.002185,0.001916,48
proposed_energy_landscape_composer,long_horizon_chain,1,0.726562,0.118372,0.110796,0.715223,0.704261,0.056386,0.237426,0.072594,0.016395,0.002840,0.002679,0.004101,0.004237,0.001485,0.002272,0.001650,48
proposed_energy_landscape_composer,long_horizon_chain,2,0.721933,0.118412,0.109519,0.713401,0.703586,0.056779,0.237758,0.071909,0.015432,0.003376,0.003127,0.004822,0.003774,0.001397,0.002190,0.001407,48
proposed_energy_landscape_composer,long_horizon_chain,3,0.735532,0.118154,0.110729,0.715517,0.707596,0.056357,0.237333,0.072975,0.016006,0.002446,0.003061,0.004045,0.003784,0.001422,0.001760,0.001293,48
proposed_energy_landscape_composer,long_horizon_chain,4,0.734375,0.119167,0.111173,0.714798,0.705858,0.056883,0.237738,0.072118,0.018724,0.003007,0.003112,0.004361,0.004100,0.001409,0.002229,0.001465,48
proposed_energy_landscape_composer,long_horizon_chain,5,0.736979,0.119044,0.110227,0.716141,0.705094,0.056299,0.238095,0.071794,0.015237,0.002960,0.002783,0.004252,0.005100,0.001477,0.002435,0.001396,48
proposed_energy_landscape_composer,long_horizon_chain,6,0.733218,0.119860,0.111489,0.715618,0.702627,0.056576,0.239523,0.071778,0.017440,0.002859,0.003341,0.004613,0.004408,0.001700,0.002153,0.001604,48
proposed_energy_landscape_composer,new_skill_pair,0,0.744792,0.118805,0.112011,0.715461,0.701556,0.056665,0.239322,0.072474,0.016975,0.003264,0.002935,0.004393,0.004336,0.001449,0.002262,0.001592,48
proposed_energy_landscape_composer,new_skill_pair,1,0.747975,0.119557,0.112131,0.711241,0.702254,0.058300,0.239261,0.072966,0.017497,0.003163,0.003373,0.004499,0.004204,0.001356,0.002015,0.001684,48
proposed_energy_landscape_composer,new_skill_pair,2,0.748553,0.120104,0.113382,0.714946,0.703788,0.057053,0.239324,0.072287,0.017670,0.003055,0.002714,0.003825,0.004276,0.001368,0.002359,0.001401,48
proposed_energy_landscape_composer,new_skill_pair,3,0.753762,0.118985,0.111663,0.714747,0.703415,0.057050,0.238980,0.072348,0.015352,0.003098,0.002914,0.004200,0.004823,0.001327,0.002275,0.001460,48
proposed_energy_landscape_composer,new_skill_pair,4,0.756366,0.120383,0.112487,0.715521,0.705034,0.057455,0.239075,0.072636,0.015820,0.003329,0.003135,0.004320,0.004429,0.001421,0.002048,0.001482,48
proposed_energy_landscape_composer,new_skill_pair,5,0.741898,0.119446,0.112237,0.712917,0.700419,0.056893,0.238700,0.072297,0.015246,0.002814,0.002832,0.004518,0.004759,0.001224,0.002307,0.001651,48
proposed_energy_landscape_composer,new_skill_pair,6,0.756655,0.120401,0.111578,0.713120,0.698594,0.057508,0.238748,0.072954,0.015924,0.003236,0.002880,0.004320,0.005629,0.001553,0.002482,0.001406,48
proposed_energy_landscape_composer,shifted_objects,0,0.748553,0.122269,0.113445,0.711077,0.700126,0.058222,0.240780,0.073886,0.016832,0.002707,0.002449,0.004918,0.004421,0.001567,0.002080,0.001542,48
proposed_energy_landscape_composer,shifted_objects,1,0.731481,0.120812,0.113008,0.711613,0.700736,0.057703,0.239196,0.073242,0.016298,0.002674,0.003062,0.004925,0.004667,0.001323,0.002129,0.001558,48
proposed_energy_landscape_composer,shifted_objects,2,0.757523,0.119063,0.113797,0.713556,0.701797,0.058112,0.239294,0.072597,0.012130,0.003014,0.002752,0.004061,0.004111,0.001622,0.002103,0.001229,48
proposed_energy_landscape_composer,shifted_objects,3,0.749132,0.122041,0.114168,0.714525,0.700281,0.057704,0.239595,0.072460,0.018842,0.002977,0.002601,0.003937,0.004548,0.001419,0.001889,0.001398,48
proposed_energy_landscape_composer,shifted_objects,4,0.747975,0.119630,0.112741,0.710440,0.701058,0.057444,0.240258,0.073669,0.019095,0.002946,0.003183,0.004293,0.003831,0.001297,0.002053,0.001381,48
proposed_energy_landscape_composer,shifted_objects,5,0.737847,0.121837,0.112473,0.713031,0.702708,0.057670,0.240471,0.072835,0.013746,0.002925,0.002783,0.004259,0.004189,0.001518,0.002448,0.001418,48
proposed_energy_landscape_composer,shifted_objects,6,0.747396,0.120219,0.113962,0.710736,0.703242,0.058447,0.239089,0.074589,0.014960,0.002917,0.002804,0.003604,0.003985,0.001580,0.002073,0.001442,48
residual_rl_composer,combined_stress,0,0.570891,0.245868,0.236621,0.448320,0.432262,0.090231,0.317186,0.132734,0.016968,0.004846,0.004629,0.006131,0.005875,0.001945,0.003703,0.001834,48
residual_rl_composer,combined_stress,1,0.574942,0.245017,0.236071,0.449324,0.433847,0.090831,0.316859,0.133630,0.019347,0.004830,0.004665,0.006503,0.005555,0.001875,0.003283,0.001682,48
residual_rl_composer,combined_stress,2,0.577257,0.245798,0.235322,0.446294,0.432420,0.089754,0.316692,0.132915,0.022995,0.004652,0.004887,0.006711,0.005502,0.001885,0.003192,0.001997,48
residual_rl_composer,combined_stress,3,0.589699,0.242151,0.236015,0.447390,0.435223,0.090320,0.316295,0.131998,0.017193,0.004734,0.004862,0.006457,0.005836,0.001802,0.003227,0.001883,48
residual_rl_composer,combined_stress,4,0.574653,0.244804,0.235666,0.451410,0.433406,0.090533,0.316763,0.133376,0.022906,0.004686,0.004559,0.006342,0.005879,0.002058,0.003182,0.001997,48
residual_rl_composer,combined_stress,5,0.577836,0.245295,0.236002,0.450563,0.433294,0.090002,0.316646,0.132198,0.021456,0.004831,0.004789,0.005345,0.006520,0.001906,0.003477,0.001720,48
residual_rl_composer,combined_stress,6,0.574653,0.245190,0.235034,0.447195,0.434313,0.091144,0.317235,0.133587,0.019396,0.004941,0.004700,0.005732,0.005905,0.001865,0.003085,0.002060,48
residual_rl_composer,in_distribution,0,0.651910,0.209551,0.201924,0.485599,0.468661,0.080998,0.294596,0.123708,0.018131,0.004638,0.004536,0.005728,0.005561,0.001851,0.003325,0.001733,48
residual_rl_composer,in_distribution,1,0.663194,0.209269,0.202100,0.485984,0.466653,0.080568,0.295296,0.123830,0.018169,0.004674,0.004613,0.006393,0.005574,0.002047,0.003291,0.001970,48
residual_rl_composer,in_distribution,2,0.660880,0.208908,0.202057,0.485923,0.470387,0.081137,0.295389,0.123054,0.019950,0.004404,0.004841,0.005794,0.006044,0.001965,0.003222,0.001992,48
residual_rl_composer,in_distribution,3,0.660880,0.208693,0.202234,0.485821,0.471890,0.081606,0.296159,0.122323,0.019246,0.004617,0.004439,0.005741,0.006055,0.001930,0.003502,0.001959,48
residual_rl_composer,in_distribution,4,0.649595,0.209522,0.201632,0.484892,0.469178,0.080492,0.294556,0.124049,0.019082,0.004633,0.004876,0.005827,0.005575,0.001829,0.002994,0.001976,48
residual_rl_composer,in_distribution,5,0.627025,0.209593,0.202700,0.487895,0.467506,0.080807,0.296086,0.122412,0.019621,0.004710,0.004229,0.005990,0.005541,0.001779,0.003434,0.001837,48
residual_rl_composer,in_distribution,6,0.659433,0.209212,0.202566,0.485671,0.468968,0.080970,0.294931,0.122385,0.020838,0.004578,0.004592,0.005483,0.006334,0.001807,0.003209,0.001714,48
residual_rl_composer,long_horizon_chain,0,0.600116,0.223698,0.215828,0.468200,0.455987,0.084358,0.305146,0.127667,0.019111,0.005215,0.004587,0.006168,0.005511,0.002009,0.003397,0.002007,48
residual_rl_composer,long_horizon_chain,1,0.603299,0.224654,0.215711,0.468051,0.455568,0.084459,0.304582,0.126732,0.017019,0.004522,0.004744,0.005658,0.005882,0.001822,0.003283,0.001822,48
residual_rl_composer,long_horizon_chain,2,0.606771,0.225398,0.215517,0.468082,0.453377,0.085322,0.305698,0.127012,0.017197,0.004744,0.004558,0.005837,0.005836,0.001980,0.003157,0.001887,48
residual_rl_composer,long_horizon_chain,3,0.614583,0.225352,0.216783,0.467601,0.455044,0.085345,0.304509,0.128341,0.017356,0.004834,0.004683,0.006149,0.005701,0.001812,0.003494,0.002074,48
residual_rl_composer,long_horizon_chain,4,0.605035,0.223772,0.216788,0.469352,0.451175,0.085047,0.303251,0.127887,0.015881,0.004336,0.004326,0.005780,0.005158,0.001713,0.003147,0.002128,48
residual_rl_composer,long_horizon_chain,5,0.597512,0.224150,0.216292,0.468044,0.454165,0.084884,0.304776,0.127402,0.017748,0.004869,0.004557,0.006033,0.006198,0.001811,0.003182,0.002036,48
residual_rl_composer,long_horizon_chain,6,0.601852,0.223231,0.215425,0.464810,0.455936,0.084483,0.304780,0.127638,0.021754,0.005030,0.004818,0.006371,0.005690,0.002063,0.003234,0.001771,48
residual_rl_composer,new_skill_pair,0,0.629340,0.227085,0.218302,0.467094,0.452429,0.086147,0.306007,0.128691,0.018432,0.004438,0.004723,0.005786,0.006047,0.001789,0.003295,0.001688,48
residual_rl_composer,new_skill_pair,1,0.628183,0.226147,0.218874,0.466915,0.450178,0.085717,0.306419,0.128083,0.021479,0.004325,0.004646,0.006232,0.005931,0.001874,0.002752,0.001948,48
residual_rl_composer,new_skill_pair,2,0.624421,0.226088,0.218542,0.468693,0.451408,0.086008,0.306828,0.127146,0.016610,0.004637,0.004705,0.005969,0.005451,0.001732,0.003124,0.001746,48
residual_rl_composer,new_skill_pair,3,0.620660,0.225330,0.219300,0.466198,0.451370,0.085460,0.305787,0.128238,0.019489,0.004713,0.004754,0.005261,0.005993,0.001728,0.003413,0.001964,48
residual_rl_composer,new_skill_pair,4,0.625579,0.226360,0.217954,0.467445,0.453585,0.085144,0.305795,0.127425,0.017001,0.004675,0.004621,0.005584,0.006209,0.001783,0.003267,0.001806,48
residual_rl_composer,new_skill_pair,5,0.618345,0.226990,0.218178,0.468240,0.453173,0.085382,0.305285,0.127541,0.017683,0.004779,0.004258,0.005711,0.006054,0.002031,0.003497,0.001600,48
residual_rl_composer,new_skill_pair,6,0.616609,0.225851,0.219616,0.468793,0.451593,0.086158,0.304903,0.126942,0.015180,0.004869,0.004881,0.005589,0.005447,0.001865,0.003343,0.001738,48
residual_rl_composer,shifted_objects,0,0.624132,0.229153,0.221405,0.464005,0.449655,0.086221,0.307790,0.128055,0.015953,0.005382,0.004851,0.005177,0.005499,0.001957,0.003284,0.001718,48
residual_rl_composer,shifted_objects,1,0.624711,0.229591,0.222370,0.465185,0.447309,0.086742,0.307484,0.128722,0.016200,0.004772,0.004655,0.005782,0.005855,0.002101,0.003138,0.001837,48
residual_rl_composer,shifted_objects,2,0.601852,0.229355,0.221383,0.463221,0.448616,0.086080,0.307997,0.128750,0.017727,0.004640,0.005085,0.006473,0.006085,0.001862,0.003200,0.001927,48
residual_rl_composer,shifted_objects,3,0.617187,0.229106,0.220127,0.468035,0.448927,0.085717,0.307586,0.128438,0.020278,0.004876,0.004831,0.006079,0.006071,0.001999,0.003076,0.001823,48
residual_rl_composer,shifted_objects,4,0.617477,0.228606,0.221893,0.465327,0.450445,0.085683,0.307651,0.128547,0.017020,0.005052,0.004522,0.005884,0.005882,0.001890,0.003260,0.001694,48
residual_rl_composer,shifted_objects,5,0.603299,0.229739,0.222458,0.462541,0.450126,0.085954,0.307059,0.129287,0.017626,0.004571,0.004748,0.005724,0.006271,0.001962,0.003227,0.001763,48
residual_rl_composer,shifted_objects,6,0.605613,0.229263,0.220806,0.465824,0.448732,0.085258,0.307748,0.127563,0.017284,0.004764,0.004388,0.006196,0.006089,0.001933,0.003021,0.001926,48
